time,stamp,x,y,z
1.62004607825396E+018,1.62004607815207E+018,-1.32034468651,0.247013777494,0.664304852486
1.62004607835779E+018,1.62004607825422E+018,-1.32034409046,0.24701410532,0.664305090904
1.62004607840824E+018,1.62004607835626E+018,-1.32034432888,0.247014060616,0.6643050313
1.62004607851038E+018,1.62004607840841E+018,-1.32034468651,0.247013896704,0.664304971695
1.62004607861372E+018,1.62004607851057E+018,-1.32034409046,0.247014403343,0.664304971695
1.62004607866388E+018,1.62004607861275E+018,-1.32034409046,0.247014120221,0.664305090904
1.62004607876575E+018,1.62004607866417E+018,-1.32034420967,0.247014030814,0.6643050313
1.62004607886769E+018,1.62004607876587E+018,-1.32034409046,0.247014388442,0.664305150509
1.62004607891941E+018,1.6200460788681E+018,-1.32034397125,0.247014343739,0.664305329323
1.6200460790214E+018,1.62004607891962E+018,-1.32034373283,0.247014269233,0.664305329323
1.62004607912341E+018,1.62004607902171E+018,-1.3203445673,0.247014313936,0.664304971695
1.62004607917643E+018,1.62004607912381E+018,-1.32034432888,0.247014448047,0.664304971695
1.62004607932866E+018,1.62004607917667E+018,-1.32034420967,0.247014418244,0.66430491209
1.6200460793803E+018,1.62004607932911E+018,-1.32034397125,0.247014522552,0.664305090904
1.62004607948266E+018,1.62004607938048E+018,-1.32034397125,0.247014611959,0.664305090904
1.62004607958364E+018,1.62004607948218E+018,-1.32034432888,0.247014462948,0.664304792881
1.62004607963837E+018,1.62004607958376E+018,-1.32034432888,0.247014313936,0.664304852486
1.62004607974091E+018,1.62004607963909E+018,-1.32034385204,0.247014030814,0.664305329323
1.6200460798427E+018,1.62004607974066E+018,-1.32034409046,0.247014373541,0.664305150509
1.62004607989513E+018,1.62004607984293E+018,-1.32034409046,0.247014209628,0.664305210114
1.62004607999713E+018,1.62004607989542E+018,-1.32034385204,0.247013881803,0.664305269718
1.62004608009882E+018,1.62004607999746E+018,-1.32034397125,0.247014343739,0.664305150509
1.62004608015074E+018,1.62004608009902E+018,-1.32034420967,0.247014418244,0.664305090904
1.62004608025329E+018,1.62004608015124E+018,-1.32034468651,0.24701449275,0.664304792881
1.62004608035488E+018,1.6200460802537E+018,-1.32034468651,0.247013553977,0.66430491209
1.62004608045696E+018,1.62004608035511E+018,-1.32034432888,0.247015401721,0.664304494858
1.62004608055982E+018,1.62004608045733E+018,-1.32034480572,0.247014790773,0.66430413723
1.62004608066132E+018,1.62004608055947E+018,-1.32034683228,0.247014120221,0.664302885532
1.62004608076388E+018,1.62004608066167E+018,-1.32034182549,0.246998861432,0.664302945137
1.62004608086641E+018,1.62004608076395E+018,-1.32031750679,0.246955886483,0.6643050313
1.6200460809681E+018,1.62004608086605E+018,-1.32029366493,0.246852040291,0.664304435253
1.62004608107117E+018,1.62004608096857E+018,-1.32030558586,0.246510952711,0.664296805859
1.62004608117251E+018,1.62004608107084E+018,-1.32030928135,0.246126160026,0.664291024208
1.62004608127469E+018,1.62004608117306E+018,-1.32029831409,0.245734736323,0.664284229279
1.62004608137729E+018,1.6200460812754E+018,-1.32028150558,0.24525976181,0.664278328419
1.62004608147959E+018,1.62004608137763E+018,-1.32026898861,0.244758799672,0.664265394211
1.62004608158134E+018,1.62004608147953E+018,-1.32023644447,0.244269832969,0.664252758026
1.62004608168358E+018,1.62004608158164E+018,-1.32021331787,0.243794381618,0.664239227772
1.62004608178504E+018,1.62004608168382E+018,-1.32019901276,0.243399083614,0.664224088192
1.62004608188646E+018,1.62004608178516E+018,-1.32019305229,0.243194848299,0.664208710194
1.62004608198782E+018,1.62004608188663E+018,-1.32019114494,0.243185028434,0.664200663567
1.62004608208987E+018,1.62004608198796E+018,-1.32019758224,0.243186712265,0.664194762707
1.62004608219182E+018,1.62004608209007E+018,-1.32020151615,0.243187978864,0.664190948009
1.62004608229453E+018,1.62004608219223E+018,-1.32020425797,0.243189439178,0.664188086987
1.62004608239603E+018,1.62004608229423E+018,-1.32020688057,0.243190214038,0.664185583591
1.62004608254739E+018,1.62004608239632E+018,-1.32020914555,0.243191346526,0.66418325901
1.62004608264972E+018,1.62004608254763E+018,-1.32021188736,0.243192344904,0.664180636406
1.62004608275197E+018,1.62004608265001E+018,-1.32021379471,0.243193000555,0.664179265499
1.6200460828537E+018,1.62004608275245E+018,-1.3202149868,0.243193477392,0.664178431034
1.6200460829554E+018,1.62004608285383E+018,-1.32021522522,0.243193924427,0.664177775383
1.62004608305757E+018,1.62004608295584E+018,-1.32021582127,0.243194654584,0.664177179337
1.62004608315989E+018,1.62004608305796E+018,-1.32021653652,0.243195056915,0.664176642895
1.62004608326116E+018,1.62004608316005E+018,-1.32021665573,0.243195429444,0.664176464081
1.62004608336281E+018,1.62004608326143E+018,-1.32021713257,0.243195936084,0.664175927639
1.62004608346522E+018,1.62004608336314E+018,-1.32021701336,0.243196383119,0.664175927639
1.6200460835676E+018,1.62004608346562E+018,-1.32021725178,0.243195801973,0.664175927639
1.62004608366857E+018,1.62004608356725E+018,-1.32021713257,0.243196800351,0.664175927639
1.62004608377012E+018,1.62004608366864E+018,-1.32021701336,0.243197143078,0.664175748825
1.62004608387245E+018,1.6200460837703E+018,-1.32021737099,0.24319703877,0.664175748825
1.62004608392448E+018,1.62004608387324E+018,-1.32021689415,0.243198037148,0.664175987244
1.6200460840263E+018,1.62004608392465E+018,-1.32021713257,0.243198931217,0.664175868034
1.62004608412879E+018,1.6200460840268E+018,-1.32021689415,0.24319781363,0.664175868034
1.6200460842306E+018,1.62004608412901E+018,-1.32021665573,0.243198692799,0.664175927639
1.62004608433259E+018,1.6200460842309E+018,-1.32021653652,0.243199601769,0.664175927639
1.62004608443469E+018,1.62004608433276E+018,-1.32021665573,0.243200302124,0.66417580843
1.62004608453617E+018,1.62004608443487E+018,-1.32021689415,0.243199720979,0.66417568922
1.62004608463772E+018,1.62004608453636E+018,-1.32021737099,0.243199810386,0.66417568922
1.62004608474009E+018,1.62004608463797E+018,-1.32021689415,0.243200048804,0.66417580843
1.6200460848424E+018,1.62004608474065E+018,-1.32021641731,0.243200808764,0.664176166058
1.6200460849444E+018,1.62004608484279E+018,-1.32021641731,0.243201702833,0.664176225662
1.62004608504687E+018,1.62004608494478E+018,-1.32021617889,0.243201881647,0.664176285267
1.62004608514884E+018,1.62004608504699E+018,-1.32021582127,0.243201702833,0.664176523685
1.62004608525153E+018,1.62004608514955E+018,-1.32021558285,0.243201434612,0.66417658329
1.6200460853541E+018,1.62004608525202E+018,-1.32021570206,0.24320153892,0.664176464081
1.62004608545612E+018,1.6200460853543E+018,-1.32021534443,0.243202224374,0.664176464081
1.6200460855583E+018,1.6200460854565E+018,-1.32021534443,0.243201702833,0.664176523685
1.62004608566077E+018,1.62004608555862E+018,-1.32021546364,0.243202507496,0.664176464081
1.62004608576262E+018,1.62004608566086E+018,-1.32021510601,0.243202880025,0.664176523685
1.62004608586459E+018,1.62004608576302E+018,-1.32021510601,0.243203401566,0.664176404476
1.62004608596673E+018,1.62004608586488E+018,-1.32021510601,0.243203252554,0.664176344872
1.62004608606903E+018,1.6200460859675E+018,-1.32021510601,0.24320282042,0.664176464081
1.62004608617212E+018,1.62004608606931E+018,-1.32021510601,0.24320307374,0.66417658329
1.62004608627355E+018,1.62004608617162E+018,-1.32021510601,0.243202775717,0.664176642895
1.62004608637695E+018,1.62004608627427E+018,-1.32021486759,0.243204340339,0.664176642895
1.62004608647902E+018,1.62004608637705E+018,-1.32021474838,0.243204474449,0.664176642895
1.62004608658163E+018,1.62004608647982E+018,-1.3202149868,0.243203982711,0.66417658329
1.62004608668408E+018,1.620046086582E+018,-1.32021486759,0.243204817176,0.66417658329
1.62004608678629E+018,1.62004608668435E+018,-1.32021546364,0.243201836944,0.664176523685
1.62004608688907E+018,1.62004608678658E+018,-1.32019770145,0.242975965142,0.664183557034
1.62004608699056E+018,1.62004608688881E+018,-1.32018125057,0.242392987013,0.664191246033
1.62004608709258E+018,1.62004608699091E+018,-1.32034051418,0.242280304432,0.664160549641
1.62004608719474E+018,1.62004608709299E+018,-1.32067418098,0.242428839207,0.664116382599
1.62004608729686E+018,1.62004608719514E+018,-1.32095563412,0.242633506656,0.66410368681
1.62004608734918E+018,1.62004608729721E+018,-1.32116603851,0.242807373405,0.664133489132
1.62004608745175E+018,1.62004608734962E+018,-1.3212749958,0.242889717221,0.664151549339
1.62004608755439E+018,1.62004608745283E+018,-1.32144236565,0.243159919977,0.664190948009
1.62004608766283E+018,1.62004608755468E+018,-1.32163929939,0.24341674149,0.664235413074
1.62004608775865E+018,1.6200460876568E+018,-1.321808815,0.243641942739,0.664292633533
1.62004608786068E+018,1.62004608775893E+018,-1.32198929787,0.243861541152,0.66433429718
1.62004608796212E+018,1.620046087861E+018,-1.32220327854,0.244095206261,0.664372563362
1.62004608806402E+018,1.62004608796231E+018,-1.32239425182,0.244297072291,0.664407074451
1.62004608816617E+018,1.62004608806422E+018,-1.32261645794,0.244488224387,0.664434015751
1.62004608826765E+018,1.62004608816632E+018,-1.32283568382,0.244655445218,0.664461195469
1.62004608836905E+018,1.62004608826782E+018,-1.32305729389,0.244810953736,0.664488196373
1.6200460884204E+018,1.62004608836928E+018,-1.32328188419,0.244972661138,0.664512991905
1.6200460885218E+018,1.62004608842067E+018,-1.32339847088,0.245061203837,0.664526224136
1.62004608862371E+018,1.62004608852205E+018,-1.32360255718,0.245228901505,0.664554536343
1.62004608872519E+018,1.62004608862393E+018,-1.32381737232,0.245409041643,0.66459196806
1.62004608882756E+018,1.62004608872569E+018,-1.32401359081,0.245578512549,0.664622485638
1.62004608892975E+018,1.62004608882779E+018,-1.32425057888,0.245778277516,0.664655923843
1.62004608903183E+018,1.62004608892988E+018,-1.32446205616,0.245972082019,0.664684951305
1.62004608913355E+018,1.62004608903195E+018,-1.32466363907,0.24616792798,0.664712131023
1.62004608918593E+018,1.62004608913385E+018,-1.324878335,0.246377393603,0.664740681648
1.62004608928796E+018,1.62004608918608E+018,-1.32499682903,0.246489703655,0.664756476879
1.62004608939025E+018,1.62004608928848E+018,-1.32519936562,0.246687948704,0.664787352085
1.62004608949182E+018,1.62004608939057E+018,-1.32541441917,0.246881961823,0.664816200733
1.62004608959315E+018,1.62004608949196E+018,-1.32562327385,0.247059419751,0.664845764637
1.62004608969459E+018,1.62004608959331E+018,-1.32583856583,0.247250705957,0.664872527122
1.62004608979653E+018,1.62004608969473E+018,-1.32605278492,0.247451364994,0.664899647236
1.62004608989909E+018,1.62004608979681E+018,-1.32625365257,0.247657448053,0.664926171303
1.62004609000052E+018,1.62004608989878E+018,-1.32647824287,0.247886493802,0.664954841137
1.62004609010276E+018,1.6200460900008E+018,-1.3268481493,0.248263597488,0.665008306503
1.62004609015416E+018,1.62004609010295E+018,-1.32744050026,0.248817652464,0.665089547634
1.62004609025607E+018,1.6200460901545E+018,-1.32778215408,0.249114334583,0.665127635002
1.62004609035849E+018,1.62004609025637E+018,-1.32839381695,0.2496381253,0.665219128132
1.62004609046046E+018,1.62004609035923E+018,-1.32905626297,0.250204950571,0.665288209915
1.62004609056188E+018,1.62004609046077E+018,-1.32968497276,0.250795274973,0.665374994278
1.62004609066379E+018,1.6200460905621E+018,-1.3303232193,0.251338005066,0.665452957153
1.62004609076536E+018,1.62004609066411E+018,-1.33097672462,0.251932501793,0.665535390377
1.62004609086657E+018,1.6200460907655E+018,-1.33159244061,0.252493828535,0.665623545647
1.62004609096872E+018,1.62004609086684E+018,-1.33227133751,0.253076195717,0.665709912777
1.62004609107076E+018,1.62004609096888E+018,-1.33290243149,0.253617495298,0.66579079628
1.62004609117287E+018,1.62004609107111E+018,-1.33350920677,0.254158049822,0.665876567364
1.62004609127537E+018,1.62004609117319E+018,-1.33416771889,0.254756450653,0.665953576565
1.62004609137684E+018,1.62004609127566E+018,-1.33482682705,0.255373626947,0.666037499905
1.62004609147826E+018,1.62004609137704E+018,-1.33542764187,0.255944728851,0.66612380743
1.62004609158072E+018,1.62004609147846E+018,-1.33607947826,0.256488591433,0.666204094887
1.6200460916823E+018,1.62004609158045E+018,-1.33669149876,0.257029175758,0.666287660599
1.62004609178467E+018,1.62004609168271E+018,-1.33738923073,0.257640272379,0.666373252869
1.62004609188649E+018,1.62004609178491E+018,-1.33802735806,0.258224129677,0.666456699371
1.62004609198863E+018,1.62004609188669E+018,-1.33866834641,0.258804917336,0.666545629501
1.62004609209095E+018,1.6200460919888E+018,-1.3393124342,0.259393870831,0.666623473167
1.62004609219384E+018,1.6200460920913E+018,-1.33998310566,0.259983897209,0.666702330112
1.62004609224529E+018,1.62004609219347E+018,-1.34062433243,0.260542541742,0.666783928871
1.62004609234867E+018,1.62004609224582E+018,-1.34096634388,0.260843873024,0.666826307774
1.62004609245025E+018,1.62004609234838E+018,-1.34158778191,0.261383235455,0.666911423206
1.62004609255301E+018,1.62004609245099E+018,-1.34227049351,0.261955946684,0.666987359524
1.62004609265511E+018,1.62004609255324E+018,-1.34287023544,0.262551516294,0.667078495026
1.62004609275733E+018,1.62004609265545E+018,-1.34352266788,0.263136357069,0.667155921459
1.62004609285873E+018,1.62004609275751E+018,-1.34416997433,0.263745158911,0.667233526707
1.62004609296017E+018,1.62004609285894E+018,-1.34482812881,0.264316946268,0.667305827141
1.62004609306221E+018,1.62004609296048E+018,-1.34546720982,0.264870643616,0.667380511761
1.62004609316438E+018,1.62004609306267E+018,-1.34611368179,0.265420258045,0.667458832264
1.6200460932666E+018,1.62004609316471E+018,-1.3467502594,0.265984624624,0.667543947697
1.62004609336861E+018,1.62004609326679E+018,-1.34739863873,0.266572237015,0.667631745338
1.62004609347109E+018,1.62004609336898E+018,-1.34803915024,0.267147392035,0.667720139027
1.62004609357307E+018,1.62004609347122E+018,-1.34865808487,0.267730712891,0.667800843716
1.62004609367513E+018,1.62004609357336E+018,-1.34925162792,0.2682967484,0.667879581451
1.62004609377727E+018,1.62004609367551E+018,-1.34992086887,0.268889456987,0.66795784235
1.62004609388009E+018,1.62004609377756E+018,-1.35050964355,0.269345968962,0.668023526669
1.62004609398172E+018,1.62004609387978E+018,-1.35079133511,0.269502103329,0.668061852455
1.62004609408514E+018,1.62004609398263E+018,-1.35071527958,0.269485265017,0.668081998825
1.62004609418834E+018,1.62004609408644E+018,-1.35024666786,0.269451379776,0.668118953705
1.62004609428989E+018,1.62004609418864E+018,-1.3493270874,0.269428163767,0.668146371841
1.62004609439184E+018,1.62004609429006E+018,-1.34842538834,0.269417107105,0.668139457703
1.62004609449477E+018,1.62004609439222E+018,-1.34753227234,0.26939496398,0.668138444424
1.62004609459733E+018,1.62004609449547E+018,-1.34660816193,0.269367724657,0.668149828911
1.62004609469908E+018,1.62004609459752E+018,-1.34566223621,0.269351780415,0.668160676956
1.62004609480129E+018,1.62004609469934E+018,-1.34475839138,0.269344002008,0.668169558048
1.62004609490344E+018,1.62004609480154E+018,-1.34382450581,0.269318670034,0.668172359467
1.62004609500524E+018,1.62004609490353E+018,-1.3429248333,0.269283980131,0.668183147907
1.62004609510758E+018,1.62004609500556E+018,-1.34206235409,0.269262671471,0.668189585209
1.62004609520974E+018,1.62004609510782E+018,-1.34116482735,0.269239395857,0.668189466
1.62004609531227E+018,1.6200460952104E+018,-1.34026491642,0.269205570221,0.668183326721
1.62004609541545E+018,1.62004609531311E+018,-1.33937764168,0.269162714481,0.668185532093
1.62004609546739E+018,1.62004609541569E+018,-1.33841979504,0.269115000963,0.668194413185
1.6200460956196E+018,1.62004609546763E+018,-1.33793401718,0.269096046686,0.668196618557
1.6200460957216E+018,1.62004609561986E+018,-1.3366291523,0.26906773448,0.668203294277
1.62004609582367E+018,1.62004609572193E+018,-1.33570516109,0.269043058157,0.668221116066
1.62004609587582E+018,1.62004609582396E+018,-1.33478581905,0.269011199474,0.668234050274
1.62004609597793E+018,1.620046095876E+018,-1.33429050446,0.268992275,0.668239295483
1.62004609607999E+018,1.62004609597877E+018,-1.33337819576,0.268975615501,0.668251276016
1.62004609618179E+018,1.62004609608009E+018,-1.33247816563,0.268937885761,0.668260931969
1.62004609628398E+018,1.62004609618215E+018,-1.33160257339,0.268905818462,0.668276488781
1.6200460963864E+018,1.62004609628454E+018,-1.3306620121,0.268863171339,0.668279230595
1.62004609648931E+018,1.62004609638704E+018,-1.32970106602,0.268825680017,0.668289482594
1.62004609659173E+018,1.62004609649013E+018,-1.32880175114,0.268822342157,0.668292224407
1.62004609669317E+018,1.62004609659187E+018,-1.32789444923,0.26880967617,0.668300271034
1.62004609679445E+018,1.62004609669326E+018,-1.3270150423,0.268762528896,0.668307960033
1.62004609689587E+018,1.6200460967946E+018,-1.32611453533,0.268714398146,0.668313145638
1.6200460969476E+018,1.620046096896E+018,-1.32517850399,0.268673717976,0.668320894241
1.62004609704936E+018,1.62004609694786E+018,-1.32471776009,0.268661499023,0.668326318264
1.62004609715158E+018,1.62004609704965E+018,-1.32387149334,0.268632858992,0.668328464031
1.62004609725487E+018,1.62004609715198E+018,-1.32289946079,0.268598020077,0.668336391449
1.62004609736143E+018,1.6200460972554E+018,-1.32198297977,0.268558979034,0.668345630169
1.62004609746382E+018,1.62004609736186E+018,-1.32127094269,0.268528878689,0.668347001076
1.62004609756646E+018,1.62004609746408E+018,-1.32106494904,0.268497407436,0.668338894844
1.62004609766793E+018,1.62004609756614E+018,-1.32103788853,0.268478244543,0.668340444565
1.62004609777039E+018,1.62004609766829E+018,-1.32096648216,0.268368691206,0.6683396101
1.62004609787266E+018,1.62004609777091E+018,-1.32096540928,0.268213331699,0.668333768845
1.62004609797425E+018,1.620046097873E+018,-1.32116448879,0.268173545599,0.668303966522
1.62004609807581E+018,1.62004609797437E+018,-1.32179546356,0.268164128065,0.668260872364
1.62004609817794E+018,1.62004609807591E+018,-1.32274234295,0.268154352903,0.668256044388
1.62004609827969E+018,1.62004609817828E+018,-1.32363247871,0.268136620522,0.668267786503
1.62004609838182E+018,1.62004609827993E+018,-1.32449603081,0.268134772778,0.668284296989
1.62004609843384E+018,1.62004609838216E+018,-1.3254172802,0.268158227205,0.668284416199
1.62004609858591E+018,1.62004609843425E+018,-1.32591915131,0.268172651529,0.668276250362
1.62004609863742E+018,1.62004609858624E+018,-1.32725572586,0.268169760704,0.668260395527
1.6200460987888E+018,1.62004609863764E+018,-1.32775223255,0.268183529377,0.668250083923
1.62004609889043E+018,1.62004609878911E+018,-1.32904231548,0.268213570118,0.668235659599
1.62004609894179E+018,1.62004609889057E+018,-1.32998895645,0.268249928951,0.668226003647
1.62004609904358E+018,1.62004609894204E+018,-1.33046984673,0.268265992403,0.668220877647
1.62004609914558E+018,1.62004609904373E+018,-1.33134019375,0.268299520016,0.668217837811
1.62004609924758E+018,1.6200460991457E+018,-1.33219456673,0.268329113722,0.668208539486
1.62004609939914E+018,1.62004609924789E+018,-1.33312106133,0.268379926682,0.668199360371
1.62004609945147E+018,1.62004609939929E+018,-1.33453190327,0.268429547548,0.668188273907
1.62004609955348E+018,1.62004609945226E+018,-1.33501219749,0.268445521593,0.668185174465
1.62004609965677E+018,1.62004609955458E+018,-1.3358489275,0.268468946218,0.668175756931
1.62004609975874E+018,1.62004609965736E+018,-1.33683133125,0.268512398005,0.668175280094
1.62004609986036E+018,1.62004609975891E+018,-1.33770227432,0.268541246653,0.668159902096
1.62004609996217E+018,1.62004609986055E+018,-1.33867454529,0.268573045731,0.668145954609
1.62004610006372E+018,1.62004609996249E+018,-1.33959197998,0.26859036088,0.668132781982
1.62004610016564E+018,1.62004610006386E+018,-1.34044659138,0.268607139587,0.668136358261
1.62004610026776E+018,1.62004610016604E+018,-1.34136402607,0.268654823303,0.668129503727
1.62004610036986E+018,1.62004610026815E+018,-1.34229040146,0.268688231707,0.668115675449
1.62004610047212E+018,1.62004610037024E+018,-1.34315979481,0.268683791161,0.668116271496
1.62004610057436E+018,1.62004610047248E+018,-1.34406447411,0.268706589937,0.668101906776
1.62004610067662E+018,1.62004610057461E+018,-1.34499907494,0.268748641014,0.668091416359
1.62004610072834E+018,1.62004610067669E+018,-1.34593689442,0.268785506487,0.668081820011
1.6200461008304E+018,1.62004610072862E+018,-1.34637761116,0.268790274858,0.668078541756
1.62004610093244E+018,1.62004610083074E+018,-1.34732222557,0.268846571445,0.66806691885
1.62004610103462E+018,1.62004610093284E+018,-1.34822368622,0.268882781267,0.668054938316
1.62004610113679E+018,1.62004610103503E+018,-1.34911847115,0.268919676542,0.668037474155
1.62004610123913E+018,1.6200461011373E+018,-1.34997749329,0.268963456154,0.668032228947
1.62004610134137E+018,1.62004610123954E+018,-1.35068774223,0.26900601387,0.668028593063
1.62004610144285E+018,1.62004610134174E+018,-1.35079777241,0.269007891417,0.668035805225
1.62004610154502E+018,1.62004610144314E+018,-1.35080432892,0.268873900175,0.668040215969
1.62004610164642E+018,1.62004610154513E+018,-1.35080456734,0.268471121788,0.668052971363
1.62004610174898E+018,1.62004610164668E+018,-1.35074782372,0.268411010504,0.668060064316
1.62004610185078E+018,1.62004610174865E+018,-1.35059797764,0.268376678228,0.668069303036
1.62004610195268E+018,1.62004610185136E+018,-1.3498929739,0.268242150545,0.66808784008
1.62004610205463E+018,1.62004610195321E+018,-1.34911203384,0.268180400133,0.668091714382
1.62004610215728E+018,1.62004610205532E+018,-1.3481117487,0.268142402172,0.668101072311
1.62004610225925E+018,1.6200461021576E+018,-1.34722352028,0.268202751875,0.668099164963
1.62004610236196E+018,1.62004610225981E+018,-1.34628582001,0.268214672804,0.668104052544
1.62004610246491E+018,1.62004610236315E+018,-1.34535884857,0.268222481012,0.66811054945
1.62004610256718E+018,1.62004610246525E+018,-1.34445488453,0.268236249685,0.668110251427
1.62004610266923E+018,1.62004610256742E+018,-1.34351158142,0.268224537373,0.668127179146
1.62004610277082E+018,1.62004610266957E+018,-1.3425770998,0.26820114255,0.668142735958
1.62004610287251E+018,1.62004610277101E+018,-1.34169614315,0.268192738295,0.668143630028
1.62004610297405E+018,1.62004610287286E+018,-1.34079444408,0.268177509308,0.668144345284
1.62004610307535E+018,1.62004610297412E+018,-1.33991098404,0.268164753914,0.668154358864
1.62004610317684E+018,1.62004610307558E+018,-1.33898162842,0.268125236034,0.668162941933
1.6200461032782E+018,1.62004610317699E+018,-1.33811926842,0.268102049828,0.668164551258
1.62004610338038E+018,1.62004610327854E+018,-1.33714258671,0.268065363169,0.668174922466
1.62004610348243E+018,1.62004610338066E+018,-1.33623611927,0.268039613962,0.668184638023
1.62004610358511E+018,1.6200461034832E+018,-1.33538222313,0.268004924059,0.668192744255
1.62004610368806E+018,1.62004610358588E+018,-1.33449494839,0.267968684435,0.668203175068
1.62004610379043E+018,1.62004610368856E+018,-1.33358383179,0.267935067415,0.66821295023
1.62004610389334E+018,1.62004610379139E+018,-1.33297359943,0.267911583185,0.66821372509
1.62004610404581E+018,1.62004610389371E+018,-1.33266294003,0.267862945795,0.66820782423
1.62004610414736E+018,1.62004610404596E+018,-1.33266055584,0.26786416769,0.668208777905
1.62004610429903E+018,1.62004610414758E+018,-1.33265817165,0.267861455679,0.668210446835
1.62004610434994E+018,1.62004610429882E+018,-1.33265805244,0.267861902714,0.668210268021
1.62004610445211E+018,1.62004610435014E+018,-1.3326574564,0.267861962318,0.668210625648
1.62004610455427E+018,1.62004610445252E+018,-1.33265781403,0.267861902714,0.668210566044
1.62004610460706E+018,1.62004610455459E+018,-1.33265829086,0.267862021923,0.668210089207
1.62004610470887E+018,1.62004610460675E+018,-1.33265864849,0.267862141132,0.668209910393
1.62004610481084E+018,1.62004610470902E+018,-1.33265781403,0.267861396074,0.668210566044
1.62004610486329E+018,1.6200461048114E+018,-1.33265793324,0.267861425877,0.668210446835
1.62004610496585E+018,1.62004610486401E+018,-1.33265781403,0.267861247063,0.668210446835
1.62004610506806E+018,1.62004610496621E+018,-1.33265769482,0.267861753702,0.668210506439
1.62004610511949E+018,1.62004610506835E+018,-1.33265793324,0.267861664295,0.668210208416
1.62004610522152E+018,1.62004610511975E+018,-1.33265817165,0.26786133647,0.668210089207
1.62004610532395E+018,1.6200461052219E+018,-1.33265841007,0.267861813307,0.668210208416
1.62004610537639E+018,1.62004610532468E+018,-1.33265841007,0.267861992121,0.668210148811
1.62004610547857E+018,1.62004610537669E+018,-1.33265805244,0.26786211133,0.668210506439
1.62004610558106E+018,1.62004610547872E+018,-1.33265781403,0.267862141132,0.668210327625
1.62004610563273E+018,1.62004610558072E+018,-1.33265829086,0.267862349749,0.668210208416
1.62004610573461E+018,1.62004610563294E+018,-1.33265817165,0.26786211133,0.668210327625
1.6200461058368E+018,1.62004610573505E+018,-1.33265793324,0.267861783504,0.668210625648
1.62004610588963E+018,1.6200461058371E+018,-1.33265793324,0.267861843109,0.668210625648
1.6200461059921E+018,1.62004610588922E+018,-1.33265829086,0.267861664295,0.66821038723
1.62004610609438E+018,1.62004610599191E+018,-1.33265852928,0.2678617239,0.668210089207
1.62004610614646E+018,1.62004610609478E+018,-1.33265817165,0.267861902714,0.668210327625
1.62004610624877E+018,1.62004610614676E+018,-1.33265805244,0.267861813307,0.668210327625
1.62004610630126E+018,1.62004610624913E+018,-1.33265793324,0.267862021923,0.66821038723
1.62004610640439E+018,1.62004610630213E+018,-1.33265805244,0.267861992121,0.668210446835
1.62004610650586E+018,1.62004610640455E+018,-1.33265793324,0.267861962318,0.668210208416
1.62004610655828E+018,1.62004610650617E+018,-1.33265793324,0.267861664295,0.668210327625
1.62004610666095E+018,1.62004610655849E+018,-1.33265793324,0.267861664295,0.668210327625
1.62004610676234E+018,1.62004610666074E+018,-1.33265769482,0.267861753702,0.668210446835
1.62004610681405E+018,1.6200461067628E+018,-1.33265805244,0.267862051725,0.668210327625
1.62004610691634E+018,1.62004610681429E+018,-1.33265829086,0.267861992121,0.668210208416
1.62004610701829E+018,1.62004610691652E+018,-1.33265829086,0.267861574888,0.668210148811
1.62004610707067E+018,1.62004610701875E+018,-1.33265781403,0.2678617239,0.668210506439
1.62004610717273E+018,1.62004610707075E+018,-1.33265781403,0.267861962318,0.668210446835
1.62004610722484E+018,1.62004610717284E+018,-1.33265829086,0.267861783504,0.668210208416
1.62004610732712E+018,1.62004610722516E+018,-1.33265793324,0.267861664295,0.668210566044
1.62004610742968E+018,1.62004610732765E+018,-1.33265805244,0.267861694098,0.668210268021
1.62004610753236E+018,1.62004610743051E+018,-1.33265852928,0.267861664295,0.668210148811
1.62004610758462E+018,1.62004610753282E+018,-1.33265817165,0.267861694098,0.66821038723
1.6200461076871E+018,1.62004610758528E+018,-1.33265805244,0.267862081528,0.66821038723
1.62004610778945E+018,1.62004610768748E+018,-1.33265817165,0.267861306667,0.668210506439
1.62004610789158E+018,1.62004610778959E+018,-1.33265805244,0.267861783504,0.668210506439
1.62004610794411E+018,1.62004610789235E+018,-1.33265817165,0.267862290144,0.668210327625
1.62004610804553E+018,1.62004610794429E+018,-1.33265805244,0.267862379551,0.668210327625
1.62004610814677E+018,1.62004610804573E+018,-1.33265829086,0.267861634493,0.668210208416
1.62004610819883E+018,1.62004610814708E+018,-1.33265817165,0.267861455679,0.668210268021
1.62004610830147E+018,1.62004610819924E+018,-1.33265805244,0.267861694098,0.668210446835
1.62004610840256E+018,1.62004610830119E+018,-1.33265781403,0.267861634493,0.66821038723
1.62004610845444E+018,1.62004610840278E+018,-1.33265817165,0.2678617239,0.668210208416
1.62004610855843E+018,1.62004610845478E+018,-1.33265817165,0.267861604691,0.66821038723
1.62004610866059E+018,1.6200461085587E+018,-1.33265793324,0.267861157656,0.668210446835
1.62004610871273E+018,1.62004610866091E+018,-1.33265841007,0.267861813307,0.668210148811
1.62004610881517E+018,1.6200461087131E+018,-1.33265852928,0.267861813307,0.668210089207
1.62004610891718E+018,1.62004610881537E+018,-1.33265769482,0.267861753702,0.668210446835
1.62004610896953E+018,1.62004610891759E+018,-1.33265805244,0.267861902714,0.668210089207
1.62004610907156E+018,1.62004610896978E+018,-1.33265817165,0.267861664295,0.668210089207
1.6200461091737E+018,1.62004610907198E+018,-1.33265769482,0.267861306667,0.668210566044
1.62004610922569E+018,1.62004610917397E+018,-1.33265781403,0.267861604691,0.668210446835
1.62004610932844E+018,1.62004610922661E+018,-1.33265781403,0.267861634493,0.66821038723
1.62004610943062E+018,1.62004610932875E+018,-1.33265757561,0.2678617239,0.668210566044
1.62004610948227E+018,1.62004610943099E+018,-1.33265769482,0.267861753702,0.668210506439
1.62004610958433E+018,1.6200461094825E+018,-1.33265781403,0.267861664295,0.668210446835
1.62004610968613E+018,1.62004610958452E+018,-1.33265817165,0.267861813307,0.66821038723
1.62004610978824E+018,1.62004610968639E+018,-1.33265817165,0.267861276865,0.66821038723
1.62004610983982E+018,1.62004610978855E+018,-1.33265793324,0.267861187458,0.668210446835
1.62004610994132E+018,1.62004610983998E+018,-1.33265805244,0.267861306667,0.66821038723
1.6200461100432E+018,1.62004610994152E+018,-1.33265829086,0.267861574888,0.66821038723
1.62004611009463E+018,1.62004611004294E+018,-1.33265852928,0.267861664295,0.668210089207
1.62004611019702E+018,1.62004611009497E+018,-1.33265852928,0.267861843109,0.668210089207
1.62004611030001E+018,1.6200461101972E+018,-1.33265805244,0.267861694098,0.668210446835
1.62004611035243E+018,1.62004611030069E+018,-1.33265769482,0.267861753702,0.668210506439
1.62004611045409E+018,1.62004611035281E+018,-1.33265769482,0.267861843109,0.668210506439
1.6200461105563E+018,1.62004611045443E+018,-1.33265841007,0.267861962318,0.668210029602
1.62004611060843E+018,1.62004611055664E+018,-1.33265817165,0.267861932516,0.668210208416
1.62004611071061E+018,1.62004611060888E+018,-1.33265829086,0.267861843109,0.668210268021
1.62004611076211E+018,1.62004611071099E+018,-1.33265793324,0.267861694098,0.668210506439
1.6200461108644E+018,1.6200461107624E+018,-1.33265781403,0.267861127853,0.668210566044
1.6200461109666E+018,1.62004611086477E+018,-1.33265793324,0.267861068249,0.668210506439
1.62004611101899E+018,1.62004611096712E+018,-1.33265817165,0.267861932516,0.668210327625
1.6200461111206E+018,1.62004611101909E+018,-1.33265805244,0.26786211133,0.668210446835
1.62004611122245E+018,1.62004611112072E+018,-1.33265817165,0.267861753702,0.668210029602
1.62004611132459E+018,1.6200461112228E+018,-1.33265805244,0.267861545086,0.668210148811
1.62004611137664E+018,1.6200461113249E+018,-1.33265769482,0.267861396074,0.668210506439
1.62004611147875E+018,1.62004611137698E+018,-1.33265769482,0.267861485481,0.668210506439
1.62004611153075E+018,1.62004611147907E+018,-1.33265781403,0.267861574888,0.668210327625
1.6200461116339E+018,1.62004611153121E+018,-1.3326574564,0.267861932516,0.668210625648
1.62004611173614E+018,1.62004611163436E+018,-1.33265757561,0.267861634493,0.668210566044
1.62004611183895E+018,1.62004611173697E+018,-1.33265757561,0.267861545086,0.668210625648
1.62004611194093E+018,1.62004611183917E+018,-1.33265781403,0.267861276865,0.668210566044
1.62004611199308E+018,1.62004611194124E+018,-1.33265805244,0.267861694098,0.668210506439
1.62004611209555E+018,1.62004611199359E+018,-1.33265793324,0.267861872911,0.668210566044
1.62004611214811E+018,1.62004611209639E+018,-1.3326574564,0.267861992121,0.668210625648
1.62004611225032E+018,1.62004611214852E+018,-1.33265769482,0.267861545086,0.668210566044
1.62004611235248E+018,1.62004611225064E+018,-1.33265805244,0.267861068249,0.668210327625
1.62004611240471E+018,1.62004611235283E+018,-1.33265841007,0.267861813307,0.668210148811
1.62004611250674E+018,1.62004611240489E+018,-1.33265817165,0.267861694098,0.668210446835
1.62004611260888E+018,1.62004611250709E+018,-1.33265781403,0.267861455679,0.66821038723
1.6200461126608E+018,1.62004611260923E+018,-1.33265805244,0.267862081528,0.668210327625
1.62004611276304E+018,1.6200461126611E+018,-1.33265829086,0.267861783504,0.668210268021
1.62004611286694E+018,1.62004611276511E+018,-1.33265781403,0.267861604691,0.668210327625
1.62004611296945E+018,1.62004611286754E+018,-1.33265781403,0.267861515284,0.668210446835
1.62004611302201E+018,1.62004611297021E+018,-1.33265769482,0.267861843109,0.668210446835
1.62004611312366E+018,1.62004611302233E+018,-1.33265769482,0.26786211133,0.668210327625
1.6200461132258E+018,1.62004611312388E+018,-1.33265817165,0.267862021923,0.668210148811
1.62004611327795E+018,1.62004611322616E+018,-1.33265805244,0.267861455679,0.668210446835
1.6200461133803E+018,1.62004611327834E+018,-1.33265757561,0.267861485481,0.668210566044
1.62004611348243E+018,1.62004611338047E+018,-1.33265793324,0.267861157656,0.66821038723
1.62004611358445E+018,1.62004611348254E+018,-1.33265769482,0.267861574888,0.668210506439
1.62004611363762E+018,1.62004611358463E+018,-1.33265769482,0.267861574888,0.668210506439
1.62004611373919E+018,1.62004611363737E+018,-1.33265757561,0.267861604691,0.668210625648
1.62004611384102E+018,1.62004611373966E+018,-1.33265781403,0.267861902714,0.66821038723
1.62004611389302E+018,1.62004611384126E+018,-1.33265793324,0.267861664295,0.668210446835
1.62004611399517E+018,1.62004611389334E+018,-1.33265817165,0.267861783504,0.668210446835
1.62004611409728E+018,1.62004611399558E+018,-1.33265781403,0.267861843109,0.668210268021
1.62004611414931E+018,1.62004611409767E+018,-1.33265793324,0.267861396074,0.668210327625
1.62004611425161E+018,1.62004611414967E+018,-1.33265817165,0.267861694098,0.668210089207
1.62004611435414E+018,1.62004611425186E+018,-1.33265769482,0.267861276865,0.668210566044
1.62004611440574E+018,1.62004611435385E+018,-1.33265793324,0.267861664295,0.668210327625
1.62004611450788E+018,1.62004611440608E+018,-1.33265817165,0.2678617239,0.668210089207
1.62004611461016E+018,1.62004611450841E+018,-1.33265769482,0.267861574888,0.668210506439
1.6200461146624E+018,1.62004611461054E+018,-1.33265757561,0.267861574888,0.668210566044
1.62004611476416E+018,1.62004611466283E+018,-1.33265769482,0.267861574888,0.668210566044
1.62004611486569E+018,1.62004611476426E+018,-1.33265817165,0.26786133647,0.668210327625
1.62004611491744E+018,1.62004611486622E+018,-1.33265793324,0.26786121726,0.66821038723
1.62004611501871E+018,1.62004611491755E+018,-1.33265793324,0.267861634493,0.668210268021
1.62004611511994E+018,1.62004611501878E+018,-1.33265817165,0.267861634493,0.668210208416
1.62004611517153E+018,1.62004611512009E+018,-1.33265817165,0.267861515284,0.668210268021
1.62004611527353E+018,1.62004611517173E+018,-1.33265829086,0.267861306667,0.668210029602
1.62004611537641E+018,1.62004611527388E+018,-1.33265805244,0.267861396074,0.668210506439
1.62004611547808E+018,1.62004611537609E+018,-1.33265793324,0.267861753702,0.668210208416
1.62004611553034E+018,1.6200461154785E+018,-1.33265817165,0.267861753702,0.668210208416
1.62004611563284E+018,1.62004611553079E+018,-1.33265817165,0.267861753702,0.66821038723
1.62004611568433E+018,1.62004611563262E+018,-1.33265805244,0.267861247063,0.668210506439
1.62004611578653E+018,1.62004611568472E+018,-1.33265757561,0.267861545086,0.668210566044
1.62004611588844E+018,1.62004611578685E+018,-1.33265817165,0.267861396074,0.66821038723
1.62004611594006E+018,1.62004611588807E+018,-1.33265793324,0.267861634493,0.668210506439
1.620046116042E+018,1.62004611594009E+018,-1.33265805244,0.2678617239,0.668210446835
1.62004611614308E+018,1.62004611604173E+018,-1.33265769482,0.267861753702,0.668210506439
1.62004611624481E+018,1.62004611614324E+018,-1.33265793324,0.267861366272,0.66821038723
1.62004611629681E+018,1.62004611624518E+018,-1.33265769482,0.267861843109,0.668210446835
1.62004611639836E+018,1.6200461162971E+018,-1.33265757561,0.267861992121,0.668210446835
1.62004611650001E+018,1.62004611639849E+018,-1.33265757561,0.267861872911,0.668210566044
1.62004611655166E+018,1.62004611650047E+018,-1.33265805244,0.267861455679,0.66821038723
1.62004611665309E+018,1.62004611655181E+018,-1.33265841007,0.267861396074,0.668210268021
1.62004611675437E+018,1.62004611665327E+018,-1.33265769482,0.267861783504,0.668210625648
1.6200461168565E+018,1.6200461167547E+018,-1.33265793324,0.267861664295,0.668210506439
1.62004611695827E+018,1.62004611685653E+018,-1.33265769482,0.267861783504,0.668210446835
1.62004611701039E+018,1.6200461169586E+018,-1.33265805244,0.267861872911,0.668210327625
1.62004611711249E+018,1.62004611701061E+018,-1.33265817165,0.267861843109,0.668210268021
1.62004611721481E+018,1.620046117113E+018,-1.33265781403,0.267862260342,0.668210268021
1.62004611726758E+018,1.62004611721527E+018,-1.33265769482,0.267861604691,0.668210446835
1.62004611736992E+018,1.62004611726795E+018,-1.33265805244,0.267861276865,0.66821038723
1.62004611742211E+018,1.62004611737045E+018,-1.33265805244,0.26786121726,0.668210446835
1.62004611752427E+018,1.62004611742253E+018,-1.33265769482,0.267861604691,0.668210446835
1.62004611762668E+018,1.62004611752468E+018,-1.33265805244,0.267861753702,0.668210446835
1.62004611767896E+018,1.62004611762708E+018,-1.33265769482,0.267861425877,0.668210506439
1.62004611778057E+018,1.62004611767929E+018,-1.33265769482,0.267860859632,0.668210566044
1.62004611788199E+018,1.62004611778082E+018,-1.33265852928,0.267861843109,0.668210029602
1.62004611798409E+018,1.62004611788238E+018,-1.33265757561,0.2678617239,0.668210566044
1.62004611803594E+018,1.62004611798445E+018,-1.33265781403,0.267861783504,0.66821038723
1.62004611814011E+018,1.62004611803636E+018,-1.33265793324,0.2678617239,0.668210327625
1.62004611819159E+018,1.62004611813983E+018,-1.33265805244,0.26786211133,0.668210208416
1.62004611829309E+018,1.62004611819195E+018,-1.33265817165,0.267862141132,0.668210327625
1.62004611839553E+018,1.62004611829334E+018,-1.33265817165,0.2678617239,0.66821038723
1.62004611849771E+018,1.62004611839587E+018,-1.33265793324,0.267861634493,0.668210446835
1.62004611854984E+018,1.62004611849808E+018,-1.33265781403,0.267861872911,0.668210506439
1.62004611865159E+018,1.62004611855017E+018,-1.33265757561,0.267862051725,0.668210566044
1.6200461187533E+018,1.62004611865165E+018,-1.33265793324,0.267862349749,0.66821038723
1.62004611880538E+018,1.62004611875366E+018,-1.33265769482,0.267861813307,0.66821038723
1.62004611890807E+018,1.62004611880573E+018,-1.33265769482,0.267861545086,0.668210446835
1.62004611901018E+018,1.62004611890844E+018,-1.33265805244,0.267861247063,0.668210327625
1.62004611911203E+018,1.62004611901051E+018,-1.33265841007,0.267861485481,0.668210268021
1.62004611916412E+018,1.62004611911215E+018,-1.33265805244,0.267861694098,0.668210327625
1.62004611926623E+018,1.6200461191645E+018,-1.33265793324,0.2678617239,0.66821038723
1.62004611931819E+018,1.62004611926659E+018,-1.33265781403,0.267862081528,0.668210446835
1.62004611941984E+018,1.62004611931855E+018,-1.33265781403,0.267862021923,0.66821038723
1.62004611952146E+018,1.62004611942011E+018,-1.33265841007,0.267861455679,0.668210268021
1.6200461196228E+018,1.62004611952159E+018,-1.33265817165,0.267861694098,0.668210506439
1.62004611967479E+018,1.62004611962296E+018,-1.33265793324,0.267861276865,0.668210446835
1.62004611977826E+018,1.62004611967521E+018,-1.33265793324,0.267860978842,0.668210446835
1.62004611988092E+018,1.620046119779E+018,-1.33265781403,0.267861992121,0.668210327625
1.6200461199826E+018,1.62004611988131E+018,-1.33265793324,0.267861753702,0.668210268021
1.62004612008459E+018,1.62004611998278E+018,-1.33265817165,0.267861932516,0.668210327625
1.62004612013687E+018,1.620046120085E+018,-1.33265841007,0.267861813307,0.668210148811
1.62004612023939E+018,1.6200461201376E+018,-1.33265829086,0.267861843109,0.668210208416
1.62004612029152E+018,1.62004612023978E+018,-1.33265829086,0.267862319946,0.668210029602
1.62004612039325E+018,1.6200461202919E+018,-1.33265817165,0.267862409353,0.668210268021
1.62004612049529E+018,1.62004612039346E+018,-1.33265817165,0.267861604691,0.668210148811
1.6200461205473E+018,1.62004612049563E+018,-1.33265793324,0.267861396074,0.66821038723
1.62004612064965E+018,1.62004612054774E+018,-1.33265781403,0.267861664295,0.66821038723
1.62004612075173E+018,1.62004612064985E+018,-1.3326574564,0.267861962318,0.668210566044
1.62004612080327E+018,1.62004612075183E+018,-1.33265817165,0.2678617239,0.668210208416
1.62004612090521E+018,1.6200461208034E+018,-1.33265864849,0.267861455679,0.668210029602
1.62004612100803E+018,1.62004612090607E+018,-1.33265793324,0.267861664295,0.66821038723
1.62004612106032E+018,1.62004612100893E+018,-1.33265829086,0.267861783504,0.668210029602
1.6200461211623E+018,1.62004612106058E+018,-1.33265817165,0.267861813307,0.668210089207
1.62004612121557E+018,1.6200461211627E+018,-1.33265793324,0.267862081528,0.668210446835
1.62004612131753E+018,1.62004612121559E+018,-1.33265757561,0.267861962318,0.668210566044
1.62004612141962E+018,1.62004612131783E+018,-1.33265769482,0.267861902714,0.668210566044
1.62004612147268E+018,1.62004612142001E+018,-1.33265817165,0.2678617239,0.668210327625
1.62004612157429E+018,1.62004612147245E+018,-1.33265781403,0.267861634493,0.66821038723
1.62004612167643E+018,1.62004612157489E+018,-1.33265781403,0.267861634493,0.668210506439
1.62004612172841E+018,1.62004612167713E+018,-1.33265829086,0.267861515284,0.66821038723
1.6200461218304E+018,1.62004612172863E+018,-1.33265841007,0.267861396074,0.668210268021
1.62004612193252E+018,1.62004612183079E+018,-1.33265817165,0.267861813307,0.668210089207
1.62004612198461E+018,1.62004612193288E+018,-1.33265829086,0.267861545086,0.668210148811
1.62004612208631E+018,1.62004612198504E+018,-1.33265841007,0.267861425877,0.668210268021
1.62004612218823E+018,1.62004612208658E+018,-1.33265769482,0.267861813307,0.668210446835
1.6200461222903E+018,1.62004612218861E+018,-1.33265769482,0.267861276865,0.668210566044
1.6200461223424E+018,1.62004612229061E+018,-1.33265757561,0.267861545086,0.668210625648
1.62004612244455E+018,1.62004612234284E+018,-1.33265757561,0.267861545086,0.668210625648
1.62004612254629E+018,1.62004612244492E+018,-1.33265805244,0.267861872911,0.668210327625
1.62004612259814E+018,1.62004612254647E+018,-1.33265841007,0.267862260342,0.668210089207
1.62004612270028E+018,1.62004612259846E+018,-1.33265864849,0.267862081528,0.668209969997
1.62004612280185E+018,1.62004612270058E+018,-1.33265852928,0.267861545086,0.668210089207
1.62004612285318E+018,1.62004612280187E+018,-1.33265793324,0.267862051725,0.668210327625
1.62004612295525E+018,1.62004612285332E+018,-1.33265757561,0.267862260342,0.66821038723
1.62004612305728E+018,1.62004612295541E+018,-1.33265793324,0.267861962318,0.668210268021
1.6200461231098E+018,1.6200461230577E+018,-1.33265817165,0.267861872911,0.668210029602
1.62004612321241E+018,1.62004612311062E+018,-1.33265817165,0.2678617239,0.668210089207
1.62004612326461E+018,1.62004612321283E+018,-1.33265781403,0.267861813307,0.668210327625
1.62004612336716E+018,1.62004612326504E+018,-1.33265781403,0.267862051725,0.668210327625
1.62004612346915E+018,1.62004612336727E+018,-1.33265805244,0.267862051725,0.668210029602
1.62004612352179E+018,1.62004612346967E+018,-1.33265805244,0.267861932516,0.668210089207
1.62004612362392E+018,1.6200461235219E+018,-1.33265793324,0.267861694098,0.668210148811
1.62004612372592E+018,1.62004612362413E+018,-1.33265781403,0.267861634493,0.668210446835
1.62004612382816E+018,1.62004612372631E+018,-1.33265829086,0.267861962318,0.668210268021
1.62004612388051E+018,1.62004612382851E+018,-1.33265841007,0.267862230539,0.668210089207
1.62004612398228E+018,1.62004612388076E+018,-1.33265852928,0.267862170935,0.668210029602
1.6200461240343E+018,1.62004612398256E+018,-1.33265829086,0.267861753702,0.668210327625
1.62004612413714E+018,1.62004612403471E+018,-1.33265817165,0.267861694098,0.668210327625
1.62004612423864E+018,1.62004612413671E+018,-1.33265841007,0.267861306667,0.668210029602
1.62004612429089E+018,1.62004612423922E+018,-1.33265829086,0.267862141132,0.668210208416
1.62004612439321E+018,1.62004612429125E+018,-1.33265805244,0.267862051725,0.668210506439
1.62004612449518E+018,1.62004612439339E+018,-1.33265817165,0.26786133647,0.668210446835
1.62004612459725E+018,1.62004612449555E+018,-1.33265829086,0.267861843109,0.668210148811
1.62004612464957E+018,1.62004612459773E+018,-1.33265817165,0.267862141132,0.668210208416
1.62004612475168E+018,1.62004612464998E+018,-1.33265817165,0.267862051725,0.668210268021
1.62004612480386E+018,1.62004612475209E+018,-1.33265841007,0.267861604691,0.668209969997
1.62004612490597E+018,1.62004612480425E+018,-1.3326587677,0.267861485481,0.668209910393
1.6200461250079E+018,1.62004612490646E+018,-1.33265793324,0.267862349749,0.668210148811
1.62004612511076E+018,1.62004612500805E+018,-1.33265781403,0.267861783504,0.668210327625
1.62004612521118E+018,1.62004612510979E+018,-1.33265817165,0.267861962318,0.668210148811
1.62004612531328E+018,1.62004612521142E+018,-1.33265852928,0.267861962318,0.668210089207
1.62004612536543E+018,1.62004612531375E+018,-1.33265841007,0.267861962318,0.668210148811
1.62004612546752E+018,1.62004612536583E+018,-1.33265829086,0.267861783504,0.668210327625
1.62004612556974E+018,1.62004612546784E+018,-1.33265805244,0.26786211133,0.668210446835
1.62004612567195E+018,1.6200461255701E+018,-1.33265805244,0.26786211133,0.668210029602
1.62004612577355E+018,1.62004612567215E+018,-1.33265852928,0.267861455679,0.668210089207
1.62004612587583E+018,1.62004612577377E+018,-1.33265793324,0.267861664295,0.668210268021
1.62004612592768E+018,1.62004612587649E+018,-1.33265829086,0.267861753702,0.668210208416
1.62004612602949E+018,1.62004612592787E+018,-1.33265829086,0.267861813307,0.668210268021
1.62004612613092E+018,1.62004612602966E+018,-1.33265829086,0.267862141132,0.668210029602
1.62004612618286E+018,1.62004612613106E+018,-1.33265841007,0.267861932516,0.668210029602
1.62004612628506E+018,1.62004612618321E+018,-1.33265817165,0.267861753702,0.668210029602
1.62004612638719E+018,1.62004612628535E+018,-1.33265817165,0.267861902714,0.668210148811
1.62004612643931E+018,1.62004612638747E+018,-1.33265805244,0.267862349749,0.668210148811
1.6200461265415E+018,1.62004612643968E+018,-1.33265793324,0.267862528563,0.668210089207
1.62004612664425E+018,1.62004612654182E+018,-1.33265805244,0.267862141132,0.668210089207
1.62004612674594E+018,1.62004612664404E+018,-1.33265805244,0.267861962318,0.668210327625
1.62004612679854E+018,1.62004612674653E+018,-1.33265781403,0.267861902714,0.668210506439
1.6200461269004E+018,1.62004612679879E+018,-1.33265781403,0.267862141132,0.668210566044
1.62004612695275E+018,1.62004612690084E+018,-1.33265769482,0.267862290144,0.668210446835
1.62004612705495E+018,1.6200461269535E+018,-1.33265817165,0.267862170935,0.668210268021
1.62004612715642E+018,1.62004612705498E+018,-1.33265852928,0.267862260342,0.668210029602
1.62004612725864E+018,1.62004612715663E+018,-1.33265805244,0.267861962318,0.668210327625
1.62004612731071E+018,1.62004612725881E+018,-1.33265817165,0.2678617239,0.668210268021
1.62004612741319E+018,1.62004612731128E+018,-1.33265829086,0.267861783504,0.668210268021
1.62004612746566E+018,1.62004612741376E+018,-1.33265793324,0.267861843109,0.668210446835
1.62004612756735E+018,1.62004612746579E+018,-1.33265781403,0.267862021923,0.668210327625
1.62004612766832E+018,1.6200461275671E+018,-1.33265829086,0.267861872911,0.668210029602
1.62004612772061E+018,1.62004612766855E+018,-1.33265841007,0.267861843109,0.668209969997
1.62004612782251E+018,1.62004612772076E+018,-1.33265829086,0.267861396074,0.668210029602
1.62004612792467E+018,1.620046127823E+018,-1.33265805244,0.267862260342,0.668210327625
1.62004612797602E+018,1.62004612792444E+018,-1.33265781403,0.267862051725,0.668210268021
1.62004612808005E+018,1.6200461279764E+018,-1.33265793324,0.267862468958,0.668210089207
1.62004612818224E+018,1.62004612808029E+018,-1.33265841007,0.267861783504,0.668210029602
1.62004612823474E+018,1.62004612818274E+018,-1.33265841007,0.267862021923,0.668210148811
1.62004612833667E+018,1.6200461282349E+018,-1.33265817165,0.26786211133,0.668210327625
1.62004612838907E+018,1.62004612833693E+018,-1.33265852928,0.267861813307,0.668210148811
1.62004612849093E+018,1.62004612838967E+018,-1.33265864849,0.267861902714,0.668209969997
1.6200461285922E+018,1.62004612849106E+018,-1.33265817165,0.267862379551,0.668210327625
1.62004612864439E+018,1.62004612859243E+018,-1.33265817165,0.267862141132,0.668210208416
1.6200461287468E+018,1.62004612864494E+018,-1.33265805244,0.267862141132,0.668210089207
1.62004612884915E+018,1.62004612874728E+018,-1.33265829086,0.267862200737,0.668210089207
1.62004612890152E+018,1.62004612884956E+018,-1.33265817165,0.267861962318,0.668210208416
1.620046129003E+018,1.62004612890174E+018,-1.33265864849,0.267861813307,0.668209969997
1.62004612910518E+018,1.62004612900337E+018,-1.33265793324,0.26786121726,0.668210327625
1.62004612915741E+018,1.62004612910538E+018,-1.33265781403,0.267861157656,0.668210446835
1.62004612925938E+018,1.62004612915752E+018,-1.33265793324,0.267861247063,0.668210506439
1.62004612936108E+018,1.62004612925954E+018,-1.33265829086,0.267861753702,0.668210327625
1.6200461294128E+018,1.62004612936126E+018,-1.33265793324,0.267861664295,0.66821038723
1.62004612951526E+018,1.62004612941311E+018,-1.33265805244,0.267861694098,0.668210268021
1.62004612961815E+018,1.62004612951612E+018,-1.33265829086,0.267861783504,0.668210148811
1.62004612967021E+018,1.62004612961849E+018,-1.33265817165,0.267861485481,0.668210327625
1.62004612977278E+018,1.62004612967074E+018,-1.33265829086,0.267861485481,0.668210268021
1.62004612987461E+018,1.62004612977306E+018,-1.33265781403,0.267862260342,0.668210327625
1.6200461299264E+018,1.6200461298751E+018,-1.33265852928,0.267862021923,0.668210029602
1.62004613002765E+018,1.62004612992656E+018,-1.33265841007,0.267861992121,0.668210089207
1.62004613012941E+018,1.62004613002797E+018,-1.33265841007,0.267862141132,0.668210148811
1.62004613018264E+018,1.62004613012985E+018,-1.33265841007,0.267861902714,0.668210148811
1.62004613028512E+018,1.62004613018308E+018,-1.33265829086,0.267862081528,0.668210268021
1.62004613033718E+018,1.62004613028532E+018,-1.33265817165,0.267862051725,0.668210327625
1.62004613043925E+018,1.62004613033742E+018,-1.33265805244,0.267862319946,0.66821038723
1.62004613054129E+018,1.62004613043957E+018,-1.33265793324,0.267861455679,0.66821038723
1.6200461306434E+018,1.62004613054164E+018,-1.33265817165,0.26786211133,0.668210327625
1.62004613069547E+018,1.62004613064381E+018,-1.33265829086,0.267862141132,0.668210268021
1.62004613079649E+018,1.6200461306952E+018,-1.33265829086,0.267862141132,0.668210208416
1.6200461308984E+018,1.62004613079676E+018,-1.33265852928,0.267861902714,0.668210029602
1.62004613099995E+018,1.62004613089879E+018,-1.33265793324,0.267862051725,0.668210327625
1.62004613110209E+018,1.62004613100028E+018,-1.33265829086,0.267861962318,0.668210268021
1.62004613115435E+018,1.62004613110248E+018,-1.33265841007,0.267861783504,0.668210268021
1.6200461312567E+018,1.62004613115489E+018,-1.33265817165,0.267861664295,0.668210327625
1.62004613130894E+018,1.6200461312571E+018,-1.33265769482,0.267861634493,0.66821038723
1.62004613141062E+018,1.62004613130914E+018,-1.33265805244,0.267862081528,0.668210148811
1.62004613151256E+018,1.62004613141085E+018,-1.33265817165,0.267861813307,0.668210268021
1.62004613156455E+018,1.62004613151289E+018,-1.33265793324,0.267861813307,0.668210446835
1.62004613166613E+018,1.62004613156484E+018,-1.33265805244,0.267861753702,0.668210506439
1.62004613176811E+018,1.62004613166628E+018,-1.33265817165,0.267861992121,0.668210446835
1.6200461318209E+018,1.62004613176843E+018,-1.33265829086,0.267861485481,0.668210148811
1.62004613192261E+018,1.62004613182061E+018,-1.33265817165,0.267861425877,0.668210089207
1.62004613202459E+018,1.6200461319228E+018,-1.33265793324,0.267861962318,0.66821038723
1.62004613207664E+018,1.62004613202497E+018,-1.33265805244,0.267861396074,0.668210506439
1.62004613217884E+018,1.62004613207699E+018,-1.33265817165,0.267861485481,0.668210446835
1.62004613228173E+018,1.62004613217916E+018,-1.33265817165,0.267862141132,0.66821038723
1.62004613233327E+018,1.62004613228145E+018,-1.33265781403,0.267862051725,0.668210506439
1.62004613243482E+018,1.62004613233358E+018,-1.3326574564,0.267861872911,0.668210625648
1.62004613253659E+018,1.62004613243497E+018,-1.33265781403,0.267861485481,0.668210506439
1.6200461325881E+018,1.62004613253677E+018,-1.33265841007,0.26786133647,0.668210268021
1.62004613269011E+018,1.62004613258827E+018,-1.33265829086,0.267861425877,0.668210268021
1.62004613279305E+018,1.62004613269084E+018,-1.33265829086,0.267862230539,0.668210029602
1.62004613284573E+018,1.62004613279326E+018,-1.33265805244,0.267862230539,0.668210208416
1.62004613294933E+018,1.62004613284537E+018,-1.33265781403,0.267861962318,0.66821038723
1.62004613300089E+018,1.62004613294911E+018,-1.33265805244,0.267861694098,0.668210327625
1.62004613310305E+018,1.62004613300111E+018,-1.33265829086,0.267861783504,0.668210268021
1.62004613320519E+018,1.62004613310322E+018,-1.33265793324,0.267861664295,0.66821038723
1.62004613325687E+018,1.62004613320537E+018,-1.33265805244,0.267861694098,0.66821038723
1.62004613336008E+018,1.62004613325701E+018,-1.33265793324,0.267861634493,0.66821038723
1.62004613346245E+018,1.62004613336064E+018,-1.33265793324,0.267861664295,0.668210446835
1.62004613351462E+018,1.62004613346286E+018,-1.33265793324,0.267861396074,0.668210327625
1.62004613361674E+018,1.62004613351513E+018,-1.33265805244,0.267861306667,0.668210268021
1.62004613371994E+018,1.62004613361709E+018,-1.33265817165,0.267861932516,0.668210148811
1.62004613377179E+018,1.62004613372006E+018,-1.33265829086,0.267861932516,0.668210268021
1.62004613387353E+018,1.62004613377157E+018,-1.33265829086,0.267861872911,0.668210268021
1.62004613392597E+018,1.62004613387393E+018,-1.33265817165,0.267862170935,0.668210268021
1.62004613402769E+018,1.62004613392631E+018,-1.33265829086,0.267862200737,0.668210268021
1.6200461341295E+018,1.62004613402776E+018,-1.33265805244,0.267862260342,0.668210327625
1.6200461341816E+018,1.62004613412987E+018,-1.33265805244,0.267861872911,0.668210327625
1.62004613428525E+018,1.62004613418194E+018,-1.33265841007,0.267861396074,0.668210268021
1.62004613438807E+018,1.62004613428615E+018,-1.33265841007,0.267861783504,0.668210029602
1.62004613444025E+018,1.62004613438848E+018,-1.33265817165,0.2678617239,0.668210208416
1.62004613454229E+018,1.62004613444057E+018,-1.33265781403,0.267861694098,0.66821038723
1.62004613459452E+018,1.62004613454271E+018,-1.33265793324,0.267861843109,0.668210208416
1.62004613469656E+018,1.62004613459475E+018,-1.33265817165,0.267861783504,0.668210029602
1.62004613479867E+018,1.62004613469687E+018,-1.33265852928,0.267862170935,0.668209969997
1.6200461349008E+018,1.62004613479908E+018,-1.33265805244,0.267861872911,0.668210089207
1.62004613495289E+018,1.62004613490116E+018,-1.33265781403,0.267861813307,0.66821038723
1.62004613505527E+018,1.62004613495329E+018,-1.33265781403,0.267861604691,0.668210506439
1.62004613515743E+018,1.62004613505545E+018,-1.33265829086,0.267861902714,0.668210268021
1.62004613520902E+018,1.62004613515754E+018,-1.33265829086,0.267861992121,0.668210268021
1.62004613531089E+018,1.62004613520927E+018,-1.33265829086,0.267861783504,0.668210268021
1.62004613541294E+018,1.62004613531096E+018,-1.33265781403,0.267861515284,0.66821038723
1.62004613551527E+018,1.62004613541333E+018,-1.33265805244,0.26786121726,0.668210268021
1.62004613556744E+018,1.62004613551562E+018,-1.33265793324,0.2678617239,0.668210268021
1.62004613566971E+018,1.62004613556786E+018,-1.33265781403,0.267861872911,0.66821038723
1.62004613572429E+018,1.62004613567039E+018,-1.33265841007,0.267861515284,0.668210268021
1.62004613582599E+018,1.6200461357248E+018,-1.33265817165,0.2678617239,0.668210327625
1.62004613592751E+018,1.62004613582619E+018,-1.33265769482,0.267861843109,0.668210446835
1.62004613597938E+018,1.62004613592773E+018,-1.33265733719,0.267861932516,0.668210685253
1.62004613608153E+018,1.62004613597999E+018,-1.33265757561,0.267861545086,0.668210566044
1.620046136183E+018,1.62004613608156E+018,-1.33265829086,0.267861872911,0.668210148811
1.62004613628461E+018,1.6200461361833E+018,-1.33265805244,0.267862200737,0.668210208416
1.62004613633603E+018,1.62004613628481E+018,-1.33265817165,0.267862319946,0.668210029602
1.62004613643798E+018,1.6200461363364E+018,-1.33265805244,0.267862081528,0.668210089207
1.62004613653943E+018,1.62004613643794E+018,-1.33265829086,0.267862051725,0.668210089207
1.62004613659154E+018,1.62004613653981E+018,-1.33265781403,0.267861992121,0.66821038723
1.62004613669363E+018,1.62004613659186E+018,-1.33265793324,0.267861664295,0.668210327625
1.62004613679598E+018,1.62004613669404E+018,-1.33265841007,0.267861932516,0.668210029602
1.62004613684976E+018,1.62004613679643E+018,-1.33265781403,0.267861902714,0.668210268021
1.62004613695147E+018,1.62004613684987E+018,-1.33265805244,0.2678617239,0.668210148811
1.62004613705336E+018,1.62004613695155E+018,-1.33265817165,0.267862051725,0.668210268021
1.6200461371554E+018,1.62004613705365E+018,-1.33265781403,0.267861634493,0.66821038723
1.62004613720758E+018,1.62004613715568E+018,-1.33265781403,0.267861872911,0.66821038723
1.62004613730969E+018,1.62004613720776E+018,-1.33265781403,0.267862051725,0.668210327625
1.62004613741138E+018,1.62004613730945E+018,-1.33265805244,0.267861872911,0.668210089207
1.62004613746263E+018,1.6200461374115E+018,-1.33265805244,0.267861604691,0.668210148811
1.62004613756482E+018,1.62004613746291E+018,-1.33265805244,0.267861545086,0.668210148811
1.62004613761725E+018,1.6200461375651E+018,-1.33265793324,0.267861962318,0.668210268021
1.62004613771992E+018,1.62004613761792E+018,-1.33265805244,0.267862379551,0.668210089207
1.6200461378241E+018,1.62004613772225E+018,-1.33265817165,0.267861574888,0.66821038723
1.62004613792647E+018,1.62004613782495E+018,-1.33265769482,0.267861604691,0.668210506439
1.62004613797868E+018,1.62004613792688E+018,-1.33265817165,0.267861634493,0.668210268021
1.620046138081E+018,1.62004613797912E+018,-1.33265829086,0.267861634493,0.668210268021
1.62004613818266E+018,1.62004613808145E+018,-1.33265793324,0.267861783504,0.668210268021
1.62004613823478E+018,1.62004613818288E+018,-1.33265829086,0.2678617239,0.668210148811
1.62004613833682E+018,1.62004613823507E+018,-1.33265841007,0.267861485481,0.668210268021
1.62004613843833E+018,1.62004613833715E+018,-1.33265805244,0.267861753702,0.668210268021
1.62004613853972E+018,1.62004613843848E+018,-1.33265829086,0.267862230539,0.668210029602
1.62004613859191E+018,1.62004613853982E+018,-1.33265829086,0.267861992121,0.668210029602
1.62004613869544E+018,1.62004613859226E+018,-1.33265852928,0.2678617239,0.668210029602
1.62004613874695E+018,1.62004613869518E+018,-1.33265829086,0.267861753702,0.668210148811
1.62004613884925E+018,1.62004613874729E+018,-1.33265769482,0.267861604691,0.668210446835
1.62004613895182E+018,1.62004613884895E+018,-1.33265781403,0.2678617239,0.66821038723
1.62004613900274E+018,1.62004613895147E+018,-1.33265793324,0.267861872911,0.668210446835
1.62004613910474E+018,1.62004613900296E+018,-1.33265805244,0.267861753702,0.668210446835
1.62004613920708E+018,1.62004613910524E+018,-1.33265841007,0.267862230539,0.668210089207
1.62004613926027E+018,1.62004613920751E+018,-1.33265805244,0.267861902714,0.668210327625
1.62004613936302E+018,1.62004613926001E+018,-1.33265781403,0.267861634493,0.66821038723
1.62004613946514E+018,1.62004613936387E+018,-1.33265793324,0.267861455679,0.668210506439
1.62004613951691E+018,1.62004613946533E+018,-1.33265805244,0.267861515284,0.668210327625
1.62004613961909E+018,1.62004613951698E+018,-1.33265781403,0.267861634493,0.668210446835
1.62004613967158E+018,1.62004613961922E+018,-1.33265805244,0.267861694098,0.668210327625
1.62004613977317E+018,1.62004613967129E+018,-1.33265805244,0.267861694098,0.668210089207
1.62004613987514E+018,1.62004613977332E+018,-1.33265793324,0.267861634493,0.668210446835
1.62004613992765E+018,1.6200461398754E+018,-1.33265829086,0.267861962318,0.668210148811
1.62004614002946E+018,1.6200461399274E+018,-1.33265781403,0.267862021923,0.66821038723
1.62004614013298E+018,1.62004614002991E+018,-1.33265793324,0.267861634493,0.668210446835
1.62004614018399E+018,1.62004614013269E+018,-1.33265805244,0.267861694098,0.668210327625
1.62004614028579E+018,1.62004614018422E+018,-1.33265805244,0.2678617239,0.668210268021
1.62004614038804E+018,1.62004614028625E+018,-1.33265864849,0.267862051725,0.668209969997
1.62004614044021E+018,1.6200461403884E+018,-1.33265817165,0.2678617239,0.668210208416
1.62004614054173E+018,1.62004614044049E+018,-1.33265793324,0.267861664295,0.668210327625
1.62004614059338E+018,1.62004614054185E+018,-1.33265829086,0.267861753702,0.668210148811
1.62004614069568E+018,1.62004614059361E+018,-1.33265817165,0.267861753702,0.668210029602
1.62004614079792E+018,1.62004614069601E+018,-1.33265829086,0.267862170935,0.668210089207
1.62004614085042E+018,1.62004614079849E+018,-1.33265805244,0.267861664295,0.66821038723
1.62004614095592E+018,1.62004614085063E+018,-1.33265793324,0.267861425877,0.66821038723
1.62004614106054E+018,1.62004614095682E+018,-1.33265817165,0.267862230539,0.668210268021
1.62004614111298E+018,1.62004614106112E+018,-1.33265805244,0.267861694098,0.668210327625
1.62004614121506E+018,1.62004614111339E+018,-1.33265793324,0.267861813307,0.668210327625
1.62004614131737E+018,1.62004614121526E+018,-1.33265817165,0.267862170935,0.668210208416
1.62004614137008E+018,1.62004614131775E+018,-1.33265841007,0.267861783504,0.668210029602
1.62004614147173E+018,1.62004614137046E+018,-1.33265841007,0.267861783504,0.668210089207
1.62004614157315E+018,1.62004614147191E+018,-1.33265793324,0.267861515284,0.66821038723
1.62004614162556E+018,1.62004614157342E+018,-1.33265793324,0.267861455679,0.668210446835
1.62004614172772E+018,1.62004614162584E+018,-1.33265757561,0.267861545086,0.668210625648
1.6200461418301E+018,1.62004614172825E+018,-1.33265805244,0.2678617239,0.668210327625
1.62004614188237E+018,1.62004614183049E+018,-1.33265805244,0.267861694098,0.668210327625
1.62004614198471E+018,1.62004614188274E+018,-1.33265805244,0.267861664295,0.668210506439
1.62004614203684E+018,1.62004614198509E+018,-1.33265805244,0.267861902714,0.668210327625
1.62004614213911E+018,1.62004614203726E+018,-1.33265793324,0.267862021923,0.668210148811
1.62004614224106E+018,1.62004614213947E+018,-1.33265817165,0.267861396074,0.66821038723
1.62004614229301E+018,1.62004614224128E+018,-1.33265769482,0.267861574888,0.668210506439
1.62004614239461E+018,1.62004614229313E+018,-1.33265793324,0.267861604691,0.668210327625
1.62004614249679E+018,1.62004614239535E+018,-1.33265817165,0.26786133647,0.668210268021
1.62004614259832E+018,1.62004614249705E+018,-1.33265829086,0.267861753702,0.668210208416
1.62004614265026E+018,1.6200461425985E+018,-1.33265793324,0.267861366272,0.668210268021
1.62004614275226E+018,1.62004614265045E+018,-1.33265793324,0.267861425877,0.668210268021
1.62004614280487E+018,1.62004614275277E+018,-1.33265781403,0.267861872911,0.668210506439
1.62004614290692E+018,1.62004614280497E+018,-1.33265841007,0.267861783504,0.668210208416
1.62004614300917E+018,1.62004614290724E+018,-1.33265864849,0.267861992121,0.668209969997
1.62004614306148E+018,1.62004614300932E+018,-1.33265852928,0.267862260342,0.668210029602
1.62004614316315E+018,1.62004614306123E+018,-1.33265841007,0.267862200737,0.668210029602
1.62004614326555E+018,1.62004614316349E+018,-1.33265864849,0.267861843109,0.668209969997
1.62004614331841E+018,1.62004614326632E+018,-1.33265841007,0.267861902714,0.668210148811
1.62004614342108E+018,1.62004614331878E+018,-1.33265829086,0.267862141132,0.668210208416
1.62004614352299E+018,1.62004614342118E+018,-1.33265852928,0.267862439156,0.668209969997
1.62004614357557E+018,1.62004614352334E+018,-1.33265864849,0.267862021923,0.668209969997
1.62004614367684E+018,1.62004614357531E+018,-1.33265864849,0.267861753702,0.668210029602
1.62004614372975E+018,1.62004614367712E+018,-1.33265841007,0.267861545086,0.668210268021
1.62004614383222E+018,1.6200461437304E+018,-1.33265829086,0.267861783504,0.668210268021
1.6200461439333E+018,1.62004614383201E+018,-1.33265817165,0.267861574888,0.668210208416
1.62004614398548E+018,1.62004614393368E+018,-1.33265829086,0.267861545086,0.668210148811
1.62004614408801E+018,1.62004614398585E+018,-1.33265793324,0.267861604691,0.668210327625
1.62004614418969E+018,1.62004614408769E+018,-1.33265793324,0.267861306667,0.66821038723
1.6200461442932E+018,1.62004614419007E+018,-1.33265805244,0.267861485481,0.668210327625
1.6200461443454E+018,1.62004614429362E+018,-1.33265852928,0.267861664295,0.668210089207
1.62004614444674E+018,1.62004614434556E+018,-1.33265852928,0.267861902714,0.668210029602
1.62004614449809E+018,1.62004614444696E+018,-1.33265805244,0.267862081528,0.668210208416
1.62004614459962E+018,1.62004614449838E+018,-1.33265805244,0.267862051725,0.668210089207
1.62004614470253E+018,1.62004614459997E+018,-1.33265793324,0.26786133647,0.668210327625
1.62004614475492E+018,1.62004614470287E+018,-1.33265793324,0.267861664295,0.668210268021
1.62004614485688E+018,1.62004614475511E+018,-1.33265793324,0.2678617239,0.668210327625
1.620046144959E+018,1.62004614485714E+018,-1.33265829086,0.267861872911,0.668210148811
1.62004614501101E+018,1.62004614495933E+018,-1.33265817165,0.267861753702,0.668210268021
1.62004614511271E+018,1.62004614501132E+018,-1.33265817165,0.267861992121,0.668210268021
1.62004614516792E+018,1.62004614511279E+018,-1.33265793324,0.267861187458,0.668210327625
1.62004614527048E+018,1.62004614516827E+018,-1.33265793324,0.267861247063,0.668210327625
1.62004614537345E+018,1.6200461452715E+018,-1.33265852928,0.267861694098,0.668210029602
1.62004614542547E+018,1.62004614537413E+018,-1.33265805244,0.267861694098,0.668210327625
1.62004614552755E+018,1.62004614542567E+018,-1.33265805244,0.267862081528,0.668210327625
1.62004614562987E+018,1.62004614552801E+018,-1.33265829086,0.267861753702,0.668210268021
1.6200461456817E+018,1.62004614563045E+018,-1.33265829086,0.267861515284,0.668210148811
1.62004614578312E+018,1.62004614568187E+018,-1.33265829086,0.267861366272,0.668210089207
1.62004614588506E+018,1.62004614578335E+018,-1.33265805244,0.267861664295,0.668210327625
1.62004614593757E+018,1.62004614588543E+018,-1.33265805244,0.267861425877,0.668210327625
1.62004614603905E+018,1.62004614593777E+018,-1.33265805244,0.26786133647,0.668210327625
1.62004614609074E+018,1.62004614603923E+018,-1.33265829086,0.267861753702,0.668210208416
1.62004614619239E+018,1.6200461460911E+018,-1.33265817165,0.2678617239,0.668210029602
1.62004614629381E+018,1.62004614619253E+018,-1.33265841007,0.267861455679,0.668210148811
1.62004614634693E+018,1.62004614629507E+018,-1.33265817165,0.2678617239,0.668210208416
1.62004614644923E+018,1.62004614634734E+018,-1.33265864849,0.267861843109,0.668209969997
1.62004614655117E+018,1.62004614644938E+018,-1.33265864849,0.267861515284,0.668209969997
1.62004614665296E+018,1.62004614655147E+018,-1.33265829086,0.267861425877,0.668210148811
1.6200461467045E+018,1.62004614665321E+018,-1.33265829086,0.267861753702,0.66821038723
1.62004614680605E+018,1.62004614670463E+018,-1.33265841007,0.267861783504,0.668210268021
1.6200461469076E+018,1.62004614680627E+018,-1.33265829086,0.267861962318,0.668210208416
1.62004614700962E+018,1.62004614690783E+018,-1.33265793324,0.267861664295,0.668210208416
1.62004614706187E+018,1.62004614701007E+018,-1.33265769482,0.267861604691,0.668210446835
1.62004614716418E+018,1.62004614706227E+018,-1.33265781403,0.267861574888,0.66821038723
1.62004614726669E+018,1.62004614716454E+018,-1.33265793324,0.267861396074,0.66821038723
1.62004614736938E+018,1.62004614726696E+018,-1.33265817165,0.267861455679,0.668210327625
1.62004614742116E+018,1.62004614736913E+018,-1.33265781403,0.267861366272,0.668210446835
1.62004614752403E+018,1.62004614742168E+018,-1.33265781403,0.26786121726,0.668210506439
1.62004614757672E+018,1.62004614752491E+018,-1.33265805244,0.267861694098,0.668210327625
1.62004614767859E+018,1.62004614757734E+018,-1.33265829086,0.267861813307,0.668210268021
1.62004614778075E+018,1.62004614767888E+018,-1.33265793324,0.267862260342,0.668210268021
1.62004614783329E+018,1.62004614778119E+018,-1.33265817165,0.267861902714,0.668210208416
1.62004614793681E+018,1.62004614783425E+018,-1.33265793324,0.267861694098,0.668210327625
1.62004614803911E+018,1.62004614793762E+018,-1.33265805244,0.26786211133,0.668210327625
1.62004614809074E+018,1.62004614803913E+018,-1.33265793324,0.267862021923,0.668210208416
1.62004614819232E+018,1.62004614809106E+018,-1.33265805244,0.267861902714,0.668210089207
1.62004614829429E+018,1.62004614819246E+018,-1.33265805244,0.267861396074,0.668210268021
1.62004614834667E+018,1.62004614829468E+018,-1.33265841007,0.267861813307,0.668210148811
1.62004614844904E+018,1.62004614834713E+018,-1.33265829086,0.267861843109,0.668210268021
1.62004614855132E+018,1.62004614844948E+018,-1.33265805244,0.267861962318,0.668210327625
1.62004614860386E+018,1.62004614855166E+018,-1.33265781403,0.267861634493,0.66821038723
1.62004614870637E+018,1.62004614860436E+018,-1.33265793324,0.267861574888,0.668210327625
1.62004614880891E+018,1.62004614870679E+018,-1.33265805244,0.26786121726,0.668210268021
1.62004614886117E+018,1.62004614880912E+018,-1.33265769482,0.267863631248,0.668210208416
1.62004614896399E+018,1.62004614886136E+018,-1.33265674114,0.267866998911,0.668210506439
1.62004614906605E+018,1.62004614896389E+018,-1.33265483379,0.267868995667,0.668210208416
1.62004614916827E+018,1.62004614906648E+018,-1.33258354664,0.267855733633,0.668215811253
1.62004614927091E+018,1.6200461491687E+018,-1.33206367493,0.267815560102,0.668238341808
1.62004614937393E+018,1.62004614927165E+018,-1.33120238781,0.267881691456,0.66823476553
1.62004614947605E+018,1.62004614937461E+018,-1.330275774,0.267844647169,0.668245732784
1.62004614957778E+018,1.62004614947611E+018,-1.3293453455,0.267814129591,0.668246686459
1.62004614967986E+018,1.62004614957811E+018,-1.32843160629,0.267788112164,0.668258428574
1.62004614978154E+018,1.62004614968032E+018,-1.32750570774,0.267747968435,0.668259203434
1.62004614988359E+018,1.62004614978178E+018,-1.3266197443,0.267713308334,0.668262183666
1.62004614998632E+018,1.62004614988395E+018,-1.32569825649,0.267687439919,0.668274104595
1.62004615003762E+018,1.62004614998596E+018,-1.32480466366,0.267670184374,0.66827917099
1.62004615014E+018,1.62004615003793E+018,-1.32437336445,0.267667412758,0.668271720409
1.62004615024205E+018,1.62004615014017E+018,-1.32346403599,0.267649322748,0.668268382549
1.620046150343E+018,1.62004615024183E+018,-1.32252955437,0.267579913139,0.668279886246
1.62004615044498E+018,1.62004615034321E+018,-1.3217446804,0.267539322376,0.668285250664
1.62004615054726E+018,1.6200461504454E+018,-1.32111251354,0.267474919558,0.668280422688
1.62004615064945E+018,1.6200461505475E+018,-1.32103669643,0.267462998629,0.668279111385
1.6200461507511E+018,1.62004615064982E+018,-1.32097923756,0.267407476902,0.66828328371
1.62004615085309E+018,1.62004615075117E+018,-1.32093524933,0.267241835594,0.668277621269
1.62004615095497E+018,1.62004615085318E+018,-1.32114577293,0.267197549343,0.668249964714
1.62004615105724E+018,1.62004615095533E+018,-1.3220770359,0.267202049494,0.668186426163
1.62004615115869E+018,1.62004615105759E+018,-1.32358789444,0.267138123512,0.668204724789
1.62004615126047E+018,1.62004615115894E+018,-1.32504725456,0.267093777657,0.668223500252
1.62004615136258E+018,1.62004615126075E+018,-1.32656025887,0.267106503248,0.668218076229
1.62004615147078E+018,1.62004615136291E+018,-1.3280775547,0.26713052392,0.668197035789
1.62004615156612E+018,1.62004615146479E+018,-1.32963871956,0.267207503319,0.668176174164
1.62004615166858E+018,1.62004615156651E+018,-1.33132958412,0.267262369394,0.668146789074
1.62004615177124E+018,1.62004615166899E+018,-1.33312249184,0.267294198275,0.668132722378
1.62004615187329E+018,1.62004615177173E+018,-1.33554649353,0.267343521118,0.668093383312
1.62004615197575E+018,1.62004615187401E+018,-1.33791434765,0.267427146435,0.668093800545
1.62004615207811E+018,1.62004615197596E+018,-1.34013390541,0.267461687326,0.668060064316
1.62004615217966E+018,1.62004615207779E+018,-1.34230279922,0.267552673817,0.668059587479
1.62004615228173E+018,1.62004615217998E+018,-1.34457206726,0.267650425434,0.668041169643
1.62004615238393E+018,1.62004615228212E+018,-1.34690988064,0.26775559783,0.668016016483
1.62004615248638E+018,1.62004615238427E+018,-1.34920942783,0.267810642719,0.66796374321
1.6200461525882E+018,1.62004615248645E+018,-1.3506269455,0.267923116684,0.667990088463
1.62004615269074E+018,1.62004615258861E+018,-1.35075330734,0.267917454243,0.668004274368
1.6200461527928E+018,1.6200461526909E+018,-1.35075926781,0.267602711916,0.668012797832
1.6200461529449E+018,1.62004615279317E+018,-1.35069489479,0.26738846302,0.668022990227
1.62004615304764E+018,1.62004615294521E+018,-1.34923577309,0.267172455788,0.668086290359
1.62004615314915E+018,1.62004615304736E+018,-1.34709846973,0.267060548067,0.668119013309
1.62004615325122E+018,1.62004615314946E+018,-1.34483540058,0.267118245363,0.668132305145
1.62004615335394E+018,1.62004615325202E+018,-1.34256231785,0.267147123814,0.668151795864
1.62004615345591E+018,1.6200461533542E+018,-1.34026038647,0.267090797424,0.668159723282
1.62004615355735E+018,1.62004615345569E+018,-1.33792674541,0.26704916358,0.668182551861
1.62004615365957E+018,1.6200461535576E+018,-1.33574330807,0.267036467791,0.668180882931
1.62004615376161E+018,1.6200461536598E+018,-1.33344233036,0.266968160868,0.668181419373
1.62004615381321E+018,1.62004615376189E+018,-1.33107364178,0.266872346401,0.66821116209
1.62004615396559E+018,1.6200461538135E+018,-1.32992780209,0.266815364361,0.668226659298
1.62004615401668E+018,1.62004615396534E+018,-1.32665038109,0.266719460487,0.668263196945
1.62004615416877E+018,1.620046154017E+018,-1.32537996769,0.26665866375,0.668271124363
1.62004615427123E+018,1.62004615416939E+018,-1.32244062424,0.266574174166,0.66828674078
1.62004615437411E+018,1.62004615427205E+018,-1.32113361359,0.266446262598,0.668249547482
1.6200461544763E+018,1.62004615437458E+018,-1.32097649574,0.266397178173,0.668244242668
1.62004615457805E+018,1.62004615447654E+018,-1.32092738152,0.26625341177,0.668244898319
1.62004615467886E+018,1.6200461545778E+018,-1.3210310936,0.26610481739,0.668222904205
1.62004615478105E+018,1.62004615467905E+018,-1.32205462456,0.266067624092,0.668156683445
1.62004615488206E+018,1.62004615478081E+018,-1.32456934452,0.266038417816,0.668108582497
1.62004615498413E+018,1.62004615488221E+018,-1.32746732235,0.266070812941,0.668135166168
1.6200461550861E+018,1.6200461549843E+018,-1.33039629459,0.266126543283,0.668107688427
1.62004615518806E+018,1.62004615508636E+018,-1.333507061,0.266213268042,0.668086767197
1.62004615528984E+018,1.62004615518843E+018,-1.33670067787,0.266288369894,0.668061256409
1.62004615539109E+018,1.62004615528995E+018,-1.33963477612,0.266402840614,0.668038725853
1.62004615549275E+018,1.62004615539132E+018,-1.34261226654,0.266511797905,0.6680149436
1.62004615559455E+018,1.62004615549294E+018,-1.34557330608,0.266572535038,0.667988777161
1.62004615564682E+018,1.62004615559495E+018,-1.3484723568,0.266681194305,0.667963266373
1.62004615574899E+018,1.62004615564731E+018,-1.34999740124,0.266785860062,0.667951226234
1.62004615585071E+018,1.62004615574944E+018,-1.35071742535,0.266874492168,0.667973041534
1.62004615595188E+018,1.62004615585086E+018,-1.35071575642,0.266736418009,0.667979001999
1.62004615605401E+018,1.62004615595218E+018,-1.35068917274,0.266370415688,0.667988538742
1.62004615615911E+018,1.62004615605419E+018,-1.35051584244,0.266324967146,0.667996883392
1.62004615625719E+018,1.62004615615587E+018,-1.34920179844,0.266112536192,0.668050229549
1.62004615635981E+018,1.62004615625732E+018,-1.34629094601,0.265941232443,0.668094277382
1.62004615646205E+018,1.62004615636012E+018,-1.34334933758,0.266005814075,0.668116211891
1.62004615656385E+018,1.62004615646216E+018,-1.34015083313,0.266030222178,0.668141186237
1.62004615666622E+018,1.6200461565642E+018,-1.33708238602,0.265982151031,0.668164491653
1.62004615676958E+018,1.620046156667E+018,-1.3341909647,0.265918582678,0.668145656586
1.62004615687146E+018,1.62004615676917E+018,-1.331204772,0.265858232975,0.668165028095
1.62004615697321E+018,1.6200461568714E+018,-1.32803380489,0.265759795904,0.668207287788
1.62004615707548E+018,1.62004615697358E+018,-1.32503175735,0.265642464161,0.668253302574
1.62004615717775E+018,1.62004615707578E+018,-1.32226407528,0.265476286411,0.668256163597
1.62004615722998E+018,1.6200461571781E+018,-1.32110309601,0.265380233526,0.66821116209
1.6200461573329E+018,1.6200461572303E+018,-1.32096529007,0.265349715948,0.668202280998
1.6200461574348E+018,1.62004615733258E+018,-1.32091999054,0.265261799097,0.668207406998
1.62004615753617E+018,1.62004615743501E+018,-1.32089138031,0.265033990145,0.668199956417
1.620046157641E+018,1.62004615753643E+018,-1.32111728191,0.264983862638,0.668178081512
1.62004615774256E+018,1.62004615764077E+018,-1.32326865196,0.264948546886,0.668105483055
1.62004615784527E+018,1.62004615774323E+018,-1.32624852657,0.265020161867,0.668067991734
1.62004615794751E+018,1.62004615784565E+018,-1.32945597172,0.265046864748,0.668076574802
1.62004615805004E+018,1.6200461579481E+018,-1.33234739304,0.2650565207,0.668052971363
1.62004615815155E+018,1.62004615805031E+018,-1.33554375172,0.265223026276,0.668033897877
1.62004615825299E+018,1.62004615815167E+018,-1.33845460415,0.265306830406,0.668016254902
1.62004615835502E+018,1.62004615825317E+018,-1.34146595001,0.265378504992,0.667997479439
1.62004615845879E+018,1.62004615835683E+018,-1.34452068806,0.265470802784,0.667970597744
1.62004615856149E+018,1.62004615845939E+018,-1.34752261639,0.265595853329,0.667939662933
1.62004615866337E+018,1.62004615856153E+018,-1.34987556934,0.265764385462,0.667927443981
1.62004615871546E+018,1.62004615866369E+018,-1.35064375401,0.265841335058,0.667943060398
1.62004615881767E+018,1.62004615871588E+018,-1.3506629467,0.265799880028,0.66794770956
1.62004615891977E+018,1.62004615881797E+018,-1.35066795349,0.265417575836,0.667952954769
1.6200461590218E+018,1.62004615892008E+018,-1.35056340694,0.265267670155,0.667962133884
1.62004615912424E+018,1.6200461590221E+018,-1.34985435009,0.265137404203,0.66800814867
1.62004615922618E+018,1.62004615912433E+018,-1.34744846821,0.264933973551,0.66804766655
1.62004615932834E+018,1.62004615922725E+018,-1.34441447258,0.264906853437,0.668073654175
1.62004615943046E+018,1.62004615932859E+018,-1.34121453762,0.264938503504,0.668092608452
1.62004615953279E+018,1.62004615943093E+018,-1.33824515343,0.264966517687,0.668102145195
1.62004615963536E+018,1.62004615953313E+018,-1.3355191946,0.264984130859,0.668107926846
1.62004615973772E+018,1.62004615963592E+018,-1.33217048645,0.26478600502,0.668122649193
1.62004615984022E+018,1.62004615973805E+018,-1.32903528214,0.264691829681,0.668158531189
1.62004615994304E+018,1.62004615984108E+018,-1.32603955269,0.264631301165,0.668181359768
1.62004615999582E+018,1.62004615994376E+018,-1.32306611538,0.264497935772,0.668204009533
1.62004616014802E+018,1.62004615999605E+018,-1.32171452045,0.264410823584,0.668202161789
1.6200461601997E+018,1.62004616014807E+018,-1.3209195137,0.264290690422,0.668167412281
1.62004616030197E+018,1.62004616020006E+018,-1.32090485096,0.264264136553,0.668168663979
1.62004616040598E+018,1.62004616030214E+018,-1.32084143162,0.264013826847,0.668171584606
1.62004616050895E+018,1.62004616040681E+018,-1.32102525234,0.263959169388,0.668150305748
1.62004616061196E+018,1.62004616050932E+018,-1.32232642174,0.263951331377,0.668080687523
1.62004616071342E+018,1.62004616061167E+018,-1.32521986961,0.263900697231,0.668069958687
1.62004616081538E+018,1.6200461607134E+018,-1.32810735703,0.263906925917,0.668041348457
1.62004616091771E+018,1.62004616081598E+018,-1.3313729763,0.264033526182,0.668021023273
1.620046161019E+018,1.62004616091748E+018,-1.33401036263,0.264120221138,0.668006360531
1.62004616112041E+018,1.62004616101923E+018,-1.33753156662,0.264229208231,0.667967498302
1.62004616122186E+018,1.62004616112061E+018,-1.34034240246,0.264280378819,0.667980253696
1.62004616132319E+018,1.6200461612221E+018,-1.34334802628,0.264403671026,0.667954087257
1.62004616142475E+018,1.62004616132348E+018,-1.34638035297,0.26452678442,0.667910575867
1.62004616152638E+018,1.62004616142502E+018,-1.34913182259,0.264611452818,0.667877852917
1.62004616162851E+018,1.62004616152664E+018,-1.3505153656,0.264708846807,0.667909145355
1.6200461617306E+018,1.62004616162892E+018,-1.35063803196,0.264623165131,0.667917191982
1.62004616183272E+018,1.62004616173091E+018,-1.35062909126,0.264367610216,0.667920053005
1.62004616193491E+018,1.62004616183305E+018,-1.35053026676,0.264187842607,0.667929470539
1.62004616203627E+018,1.62004616193502E+018,-1.34952795506,0.264060765505,0.667965352535
1.62004616213828E+018,1.62004616203649E+018,-1.34705889225,0.263910651207,0.668026983738
1.62004616224058E+018,1.62004616213875E+018,-1.34397947788,0.263893723488,0.668073773384
1.62004616234233E+018,1.62004616224104E+018,-1.34089362621,0.26388001442,0.668075919151
1.6200461624444E+018,1.62004616234272E+018,-1.33808207512,0.263842970133,0.668063402176
1.62004616254674E+018,1.62004616244518E+018,-1.33513259888,0.263823330402,0.668068230152
1.62004616259941E+018,1.62004616254734E+018,-1.33197152615,0.26376748085,0.668074131012
1.62004616270086E+018,1.62004616259913E+018,-1.33029651642,0.263710796833,0.668078005314
1.62004616280296E+018,1.62004616270116E+018,-1.32729828358,0.263583302498,0.66811054945
1.62004616295427E+018,1.62004616280308E+018,-1.32461047173,0.263508498669,0.668151140213
1.62004616305638E+018,1.62004616295449E+018,-1.32126033306,0.263316601515,0.668164432049
1.62004616315872E+018,1.62004616305674E+018,-1.32086884975,0.263247936964,0.668133318424
1.6200461632611E+018,1.62004616315908E+018,-1.32082915306,0.263095617294,0.668136954308
1.62004616336251E+018,1.62004616326125E+018,-1.3208104372,0.262908488512,0.668133556843
1.62004616346404E+018,1.62004616336284E+018,-1.32158267498,0.262849271297,0.668075442314
1.62004616356556E+018,1.62004616346432E+018,-1.32371270657,0.262808084488,0.668000280857
1.62004616366697E+018,1.62004616356579E+018,-1.32650637627,0.262850314379,0.668008565903
1.62004616376896E+018,1.62004616366719E+018,-1.32963263988,0.26293823123,0.667994976044
1.62004616387137E+018,1.62004616376948E+018,-1.33265829086,0.262984067202,0.667988061905
1.62004616397303E+018,1.62004616387175E+018,-1.33578944206,0.263048022985,0.667995691299
1.62004616407472E+018,1.62004616397321E+018,-1.33883452415,0.263171494007,0.667932093143
1.62004616417685E+018,1.62004616407477E+018,-1.34169757366,0.263298928738,0.667942643166
1.62004616427822E+018,1.62004616417656E+018,-1.34487557411,0.263361722231,0.667908906937
1.6200461643805E+018,1.62004616427858E+018,-1.34777259827,0.263412564993,0.6678789258
1.62004616448535E+018,1.62004616438234E+018,-1.35019075871,0.263602852821,0.667869746685
1.62004616458774E+018,1.62004616448581E+018,-1.35058796406,0.263637423515,0.667887628078
1.62004616468981E+018,1.62004616458848E+018,-1.35059630871,0.263426274061,0.667885899544
1.62004616479195E+018,1.62004616469002E+018,-1.35055661201,0.263185560703,0.667888045311
1.62004616489421E+018,1.62004616479237E+018,-1.3501906395,0.263120532036,0.667900145054
1.62004616499638E+018,1.62004616489457E+018,-1.34835100174,0.262886434793,0.667959034443
1.62004616509811E+018,1.62004616499679E+018,-1.34554624557,0.262783735991,0.667989432812
1.62004616520007E+018,1.62004616509832E+018,-1.34255099297,0.262888938189,0.668008208275
1.62004616535207E+018,1.62004616520016E+018,-1.33945667744,0.262883335352,0.668016731739
1.6200461654041E+018,1.62004616535221E+018,-1.33501851559,0.262763231993,0.6680098176
1.62004616550558E+018,1.6200461654043E+018,-1.33343839645,0.262725114822,0.668028593063
1.62004616560718E+018,1.62004616550576E+018,-1.33034038544,0.262640655041,0.668043136597
1.62004616570942E+018,1.62004616560747E+018,-1.32722389698,0.262599110603,0.668067038059
1.62004616581168E+018,1.62004616570954E+018,-1.32439303398,0.262451291084,0.668111562729
1.62004616591319E+018,1.62004616581139E+018,-1.32161724567,0.262273132801,0.668127596378
1.6200461660154E+018,1.62004616591347E+018,-1.32085323334,0.262172341347,0.668095588684
1.62004616611768E+018,1.62004616601582E+018,-1.32082593441,0.262111067772,0.6680996418
1.62004616621996E+018,1.62004616611806E+018,-1.32076716423,0.261890858412,0.668100297451
1.62004616632207E+018,1.62004616622018E+018,-1.32099950314,0.261829793453,0.66806769371
1.62004616637378E+018,1.62004616632244E+018,-1.32256948948,0.261825144291,0.668003499508
1.62004616647522E+018,1.62004616637401E+018,-1.32399356365,0.261818140745,0.667987406254
1.62004616657761E+018,1.62004616647558E+018,-1.32676482201,0.261782884598,0.667964458466
1.62004616667972E+018,1.62004616657773E+018,-1.32997608185,0.261877685785,0.66795361042
1.62004616683159E+018,1.62004616668011E+018,-1.33281469345,0.261958688498,0.66794359684
1.62004616693371E+018,1.62004616683198E+018,-1.33719885349,0.262093007565,0.667919158936
1.62004616698554E+018,1.62004616693408E+018,-1.34037458897,0.262179464102,0.667923569679
1.62004616708787E+018,1.62004616698595E+018,-1.3419469595,0.262207865715,0.667910277843
1.6200461671902E+018,1.62004616708827E+018,-1.34513366222,0.262316644192,0.667868673801
1.62004616729234E+018,1.62004616719089E+018,-1.34808456898,0.262443989515,0.667816758156
1.62004616739395E+018,1.62004616729253E+018,-1.35016906261,0.262586861849,0.667839348316
1.62004616749594E+018,1.62004616739418E+018,-1.35054159164,0.262606739998,0.667855501175
1.62004616759809E+018,1.62004616749637E+018,-1.35055625439,0.262361377478,0.667852520943
1.62004616770029E+018,1.62004616759855E+018,-1.35052776337,0.262091457844,0.667852282524
1.62004616780262E+018,1.62004616770073E+018,-1.35007941723,0.26201865077,0.667868793011
1.62004616790409E+018,1.62004616780292E+018,-1.3482427597,0.261832386255,0.667921841145
1.62004616800636E+018,1.6200461679043E+018,-1.3452372551,0.261711984873,0.66796708107
1.6200461681086E+018,1.62004616800651E+018,-1.34216916561,0.261742413044,0.6679880023
1.62004616821064E+018,1.62004616810883E+018,-1.3392444849,0.261779904366,0.66797798872
1.62004616831289E+018,1.62004616821097E+018,-1.33620285988,0.261750489473,0.66798210144
1.62004616836509E+018,1.62004616831324E+018,-1.33310008049,0.261637836695,0.667990207672
1.62004616846724E+018,1.62004616836538E+018,-1.33151650429,0.261564642191,0.667995512486
1.62004616856947E+018,1.62004616846755E+018,-1.32854270935,0.261504888535,0.668010413647
1.62004616867169E+018,1.62004616856988E+018,-1.32535088062,0.261430740356,0.668060302734
1.6200461687738E+018,1.62004616867201E+018,-1.32258224487,0.261317193508,0.668086886406
1.62004616887591E+018,1.62004616877411E+018,-1.32102394104,0.261189818382,0.668073773384
1.62004616897821E+018,1.62004616887629E+018,-1.32095611095,0.261182963848,0.66804599762
1.62004616908018E+018,1.62004616897881E+018,-1.32191884518,0.261453062296,0.667964756489
1.62004616918232E+018,1.62004616908035E+018,-1.32439410686,0.26215416193,0.66802072525
1.6200461692837E+018,1.62004616918217E+018,-1.32513833046,0.262361168861,0.668069303036
1.62004616943562E+018,1.62004616928381E+018,-1.32513439655,0.262359440327,0.668075740337
1.62004616953791E+018,1.62004616943596E+018,-1.32513105869,0.262353867292,0.668079912663
1.62004616964E+018,1.62004616953816E+018,-1.32512891293,0.262353718281,0.66808116436
1.62004616974214E+018,1.62004616964029E+018,-1.32512891293,0.26235345006,0.668081223965
1.62004616979424E+018,1.62004616974244E+018,-1.32512891293,0.26235345006,0.668081283569
1.62004616989642E+018,1.62004616979463E+018,-1.32512879372,0.262353807688,0.668081223965
1.62004616999852E+018,1.62004616989681E+018,-1.32512879372,0.26235422492,0.668081223965
1.6200461701008E+018,1.62004616999889E+018,-1.32512891293,0.262353718281,0.66808116436
1.62004617015296E+018,1.62004617010105E+018,-1.32512891293,0.262353688478,0.668081223965
1.62004617025571E+018,1.62004617015376E+018,-1.32512879372,0.262353748083,0.668081223965
1.62004617030814E+018,1.62004617025624E+018,-1.32512891293,0.262353897095,0.668081104755
1.62004617041026E+018,1.62004617030841E+018,-1.32512915134,0.262353777885,0.668080925941
1.62004617051249E+018,1.62004617041058E+018,-1.3251285553,0.262353628874,0.668081223965
1.62004617056544E+018,1.62004617051292E+018,-1.32512891293,0.262353867292,0.668080985546
1.62004617066707E+018,1.6200461705659E+018,-1.32512879372,0.262353926897,0.668080866337
1.62004617076863E+018,1.62004617066738E+018,-1.3251285553,0.262353569269,0.668081283569
1.62004617082089E+018,1.62004617076895E+018,-1.32512927055,0.262353748083,0.668080866337
1.62004617092339E+018,1.62004617082149E+018,-1.32512938976,0.262353897095,0.668080687523
1.62004617102613E+018,1.62004617092491E+018,-1.32512891293,0.262353718281,0.668081104755
1.62004617112837E+018,1.62004617102658E+018,-1.32512927055,0.262353420258,0.668080925941
1.62004617118016E+018,1.62004617112871E+018,-1.32512891293,0.262353718281,0.668080925941
1.62004617128268E+018,1.62004617118049E+018,-1.32512903214,0.262353748083,0.668080747128
1.62004617138727E+018,1.62004617128243E+018,-1.32512927055,0.262353658676,0.668080866337
1.62004617143857E+018,1.62004617138685E+018,-1.32512891293,0.26235383749,0.66808116436
1.62004617154088E+018,1.62004617143896E+018,-1.32512879372,0.262354135513,0.668081223965
