%time,field.header.stamp,field.x,field.y,field.z
1.63093694670775E+018,1.63093694665577E+018,0.476288050413,-0.891462862492,1.36591506004
1.63093694675992E+018,1.63093694670787E+018,0.476298689842,-0.892516195774,1.36588215828
1.63093694681203E+018,1.63093694675963E+018,0.476299762726,-0.893502652645,1.36586296558
1.6309369468634E+018,1.63093694681183E+018,0.476302951574,-0.894485235214,1.3658554554
1.63093694691584E+018,1.63093694686378E+018,0.476292848587,-0.895445585251,1.36584746838
1.63093694696679E+018,1.63093694691555E+018,0.476273626089,-0.896110415459,1.3658413887
1.63093694701778E+018,1.63093694696663E+018,0.476286679506,-0.896475493908,1.36583447456
1.63093694706899E+018,1.63093694701787E+018,0.476210147142,-0.896396398544,1.36581242085
1.63093694712016E+018,1.6309369470691E+018,0.476226121187,-0.895658016205,1.36578595638
1.63093694717172E+018,1.63093694712043E+018,0.476226836443,-0.894634008408,1.36576426029
1.63093694727269E+018,1.63093694717156E+018,0.476252496243,-0.893570899963,1.3657554388
1.63093694732371E+018,1.63093694727256E+018,0.47625285387,-0.891671776772,1.36580812931
1.63093694737485E+018,1.63093694732382E+018,0.476245194674,-0.890644073486,1.36582589149
1.63093694742693E+018,1.63093694737506E+018,0.476230978966,-0.889621555805,1.36584281921
1.63093694747899E+018,1.63093694742708E+018,0.476266473532,-0.888698339462,1.36585187912
1.63093694753031E+018,1.6309369474792E+018,0.476298868656,-0.887876689434,1.36585628986
1.63093694758147E+018,1.6309369475304E+018,0.476246774197,-0.887431800365,1.36584460735
1.63093694763253E+018,1.63093694758153E+018,0.476311087608,-0.887436151505,1.36586308479
1.63093694768377E+018,1.63093694763266E+018,0.476388096809,-0.887863397598,1.36587524414
1.6309369477351E+018,1.63093694768395E+018,0.476341545582,-0.888848125935,1.36590790749
1.63093694783631E+018,1.63093694773524E+018,0.476303905249,-0.88986158371,1.36594200134
1.63093694788741E+018,1.63093694783638E+018,0.476284354925,-0.891783118248,1.36590600014
1.63093694793869E+018,1.63093694788758E+018,0.476318776608,-0.892823576927,1.36587095261
1.63093694798992E+018,1.63093694793883E+018,0.476324081421,-0.893777251244,1.36585736275
1.63093694804105E+018,1.63093694799001E+018,0.476329445839,-0.894728839397,1.36584460735
1.63093694814231E+018,1.63093694804119E+018,0.476346939802,-0.895703136921,1.3658438921
1.63093694819361E+018,1.63093694814245E+018,0.476331114769,-0.897075533867,1.36584413052
1.63093694824518E+018,1.63093694819373E+018,0.476300656796,-0.897272646427,1.36582517624
1.63093694829726E+018,1.63093694824508E+018,0.476267158985,-0.896840929985,1.3658015728
1.63093694834921E+018,1.63093694829726E+018,0.476278334856,-0.895794093609,1.36577117443
1.63093694840117E+018,1.63093694834926E+018,0.47631072998,-0.894750237465,1.36575162411
1.6309369484532E+018,1.63093694840131E+018,0.476347893476,-0.893739521503,1.36575341225
1.6309369485056E+018,1.63093694845326E+018,0.476352244616,-0.892737805843,1.36578762531
1.63093694855708E+018,1.63093694850533E+018,0.476333796978,-0.891732275486,1.36581909657
1.63093694860839E+018,1.63093694855722E+018,0.47632086277,-0.890709221363,1.36583554745
1.6309369486597E+018,1.63093694860852E+018,0.476324915886,-0.889775216579,1.36584937572
1.63093694871223E+018,1.6309369486599E+018,0.476347595453,-0.888801217079,1.36584842205
1.63093694876396E+018,1.63093694871194E+018,0.476367890835,-0.887872457504,1.36585175991
1.63093694881618E+018,1.63093694876407E+018,0.476385802031,-0.887323260307,1.36584711075
1.63093694891731E+018,1.63093694881617E+018,0.476378560066,-0.887198030949,1.36586034298
1.63093694896855E+018,1.63093694891751E+018,0.476417422295,-0.888556003571,1.36590206623
1.63093694901984E+018,1.63093694896866E+018,0.476381093264,-0.889546632767,1.36593711376
1.63093694907179E+018,1.63093694901987E+018,0.476349473,-0.890539765358,1.3659337759
1.63093694912395E+018,1.63093694907177E+018,0.476348251104,-0.89154535532,1.36589968204
1.6309369491755E+018,1.63093694912366E+018,0.47636833787,-0.892548263073,1.36587703228
1.63093694927779E+018,1.63093694917564E+018,0.476380705833,-0.893560826778,1.36586141586
1.63093694933036E+018,1.63093694927823E+018,0.476387888193,-0.895497918129,1.36584317684
1.630936949382E+018,1.63093694933005E+018,0.476397246122,-0.896437644958,1.36584198475
1.63093694943379E+018,1.6309369493819E+018,0.476364552975,-0.897317588329,1.36582779884
1.63093694953601E+018,1.63093694943389E+018,0.476382374763,-0.897870481014,1.3658541441
1.6309369495872E+018,1.63093694953573E+018,0.476177096367,-0.897679328918,1.36581671238
1.63093694963809E+018,1.630936949587E+018,0.476231068373,-0.896712064743,1.36578345299
1.63093694968939E+018,1.63093694963814E+018,0.47624540329,-0.895676910877,1.3657490015
1.63093694974057E+018,1.63093694968943E+018,0.476289629936,-0.894673228264,1.36574184895
1.6309369497918E+018,1.63093694974061E+018,0.476280301809,-0.893682599068,1.36578226089
1.63093694984287E+018,1.63093694979178E+018,0.476281732321,-0.892687559128,1.36581611633
1.63093694989405E+018,1.63093694984299E+018,0.476258903742,-0.89168292284,1.36582744122
1.63093694994574E+018,1.63093694989442E+018,0.476252555847,-0.890719473362,1.36584627628
1.63093694999681E+018,1.63093694994555E+018,0.476293772459,-0.88977599144,1.36585128307
1.63093695004794E+018,1.63093694999661E+018,0.476302027702,-0.888827562332,1.36584436893
1.63093695009908E+018,1.63093695004774E+018,0.476307362318,-0.887841045856,1.36584830284
1.63093695015007E+018,1.63093695009883E+018,0.476352989674,-0.887219548225,1.36584818363
1.6309369502009E+018,1.63093695014984E+018,0.47641146183,-0.887046813965,1.36584806442
1.63093695025208E+018,1.63093695020101E+018,0.476517796516,-0.887336194515,1.36585915089
1.63093695030363E+018,1.63093695025229E+018,0.476470738649,-0.888169467449,1.36589884758
1.63093695035519E+018,1.63093695030339E+018,0.476449519396,-0.889189422131,1.36592233181
1.63093695040611E+018,1.63093695035491E+018,0.476386576891,-0.890225410461,1.36593198776
1.63093695045733E+018,1.63093695040615E+018,0.476372331381,-0.891134023666,1.36591517925
1.63093695055851E+018,1.6309369504574E+018,0.476368874311,-0.892211377621,1.3658850193
1.63093695060986E+018,1.63093695055867E+018,0.476378917694,-0.894130170345,1.36584794521
1.63093695066077E+018,1.63093695060972E+018,0.476375460625,-0.895090639591,1.3658349514
1.63093695071206E+018,1.63093695066093E+018,0.476374655962,-0.896071493626,1.36584150791
1.63093695076359E+018,1.63093695071216E+018,0.476348787546,-0.89700293541,1.36584150791
1.63093695081435E+018,1.63093695076336E+018,0.476308882236,-0.89795088768,1.3658452034
1.63093695086562E+018,1.63093695081447E+018,0.47633266449,-0.898467957973,1.36584317684
1.63093695091676E+018,1.63093695086567E+018,0.476323276758,-0.898698210716,1.3658323288
1.63093695096796E+018,1.63093695091687E+018,0.47626337409,-0.89844173193,1.36581850052
1.63093695101907E+018,1.63093695096796E+018,0.476274609566,-0.897618353367,1.36579608917
1.63093695107063E+018,1.63093695101911E+018,0.476321488619,-0.896601259708,1.36576044559
1.63093695112245E+018,1.6309369510706E+018,0.476321667433,-0.89554643631,1.36575090885
1.63093695117403E+018,1.63093695112299E+018,0.476386249065,-0.894558370113,1.36576008797
1.63093695122533E+018,1.63093695117409E+018,0.476350396872,-0.893570065498,1.36580264568
1.63093695127684E+018,1.63093695122549E+018,0.476315736771,-0.892539262772,1.36582624912
1.63093695132819E+018,1.63093695127667E+018,0.476316004992,-0.891593754292,1.36584079266
1.63093695137933E+018,1.63093695132802E+018,0.476336658001,-0.890632092953,1.36585319042
1.63093695143023E+018,1.63093695137909E+018,0.476363301277,-0.889639258385,1.3658425808
1.63093695148165E+018,1.63093695143038E+018,0.476344823837,-0.888687252998,1.36585438251
1.63093695153281E+018,1.63093695148174E+018,0.476363301277,-0.887722015381,1.36584579945
1.63093695158408E+018,1.63093695153297E+018,0.476401388645,-0.887127935886,1.3658567667
1.63093695163561E+018,1.63093695158414E+018,0.47637873888,-0.886987447739,1.36584794521
1.63093695168682E+018,1.63093695163534E+018,0.476454257965,-0.887268662453,1.36586427689
1.63093695178815E+018,1.63093695168696E+018,0.476410895586,-0.888058900833,1.3659017086
1.6309369518396E+018,1.63093695178825E+018,0.476368755102,-0.890072524548,1.36593794823
1.6309369518905E+018,1.63093695183942E+018,0.476351618767,-0.891034007072,1.36591911316
1.63093695194178E+018,1.63093695189073E+018,0.476375699043,-0.892023682594,1.36587953568
1.63093695199314E+018,1.63093695194193E+018,0.476404875517,-0.893048644066,1.36585962772
1.63093695204449E+018,1.63093695199332E+018,0.476401180029,-0.893979251385,1.36584854126
1.63093695214557E+018,1.63093695204453E+018,0.476408272982,-0.894960463047,1.36584591866
1.6309369521973E+018,1.63093695214622E+018,0.476414620876,-0.896854579449,1.36584055424
1.6309369522486E+018,1.63093695219745E+018,0.476413041353,-0.897810339928,1.36583721638
1.63093695229989E+018,1.63093695224872E+018,0.476354986429,-0.898664951324,1.36584091187
1.63093695235111E+018,1.63093695229997E+018,0.476392686367,-0.899132430553,1.36584305763
1.63093695240228E+018,1.63093695235117E+018,0.476263105869,-0.899239957333,1.36583328247
1.63093695245355E+018,1.63093695240239E+018,0.476225405931,-0.898808717728,1.36580359936
1.63093695250472E+018,1.6309369524536E+018,0.476260244846,-0.897841393948,1.36577939987
1.63093695260658E+018,1.6309369525048E+018,0.476291537285,-0.896775603294,1.36575329304
1.6309369526575E+018,1.63093695260637E+018,0.47635486722,-0.894819676876,1.36578035355
1.63093695270879E+018,1.6309369526576E+018,0.476338207722,-0.893829226494,1.36581504345
1.63093695276019E+018,1.63093695270863E+018,0.476318478584,-0.892795801163,1.3658336401
1.63093695281144E+018,1.63093695276035E+018,0.476352483034,-0.891866862774,1.36584556103
1.63093695286311E+018,1.63093695281163E+018,0.476370871067,-0.890901625156,1.36584949493
1.63093695291408E+018,1.63093695286287E+018,0.476388305426,-0.889950156212,1.3658374548
1.63093695296535E+018,1.63093695291413E+018,0.476403474808,-0.889001309872,1.36583960056
1.63093695301668E+018,1.63093695296541E+018,0.476434826851,-0.887985944748,1.36584508419
1.63093695306782E+018,1.63093695301644E+018,0.476473212242,-0.887239158154,1.3658605814
1.63093695311888E+018,1.63093695306758E+018,0.476420819759,-0.886966884136,1.3658503294
1.63093695316996E+018,1.63093695311863E+018,0.476471930742,-0.887085974216,1.36585831642
1.63093695322165E+018,1.63093695317052E+018,0.476504564285,-0.887615501881,1.365873456
1.63093695327286E+018,1.63093695322169E+018,0.476435929537,-0.888616263866,1.36591875553
1.63093695332409E+018,1.63093695327289E+018,0.476428687572,-0.889620840549,1.36593317986
1.6309369533753E+018,1.63093695332421E+018,0.476377427578,-0.890613496304,1.36593854427
1.63093695342647E+018,1.63093695337534E+018,0.476383775473,-0.891568124294,1.3659080267
1.6309369534777E+018,1.63093695342655E+018,0.476405143738,-0.892561733723,1.36587500572
1.6309369535289E+018,1.63093695347776E+018,0.476409614086,-0.893566012383,1.36585009098
1.63093695358107E+018,1.63093695352903E+018,0.476404756308,-0.894547581673,1.36584472656
1.63093695363297E+018,1.63093695358112E+018,0.476404875517,-0.895481407642,1.36584711075
1.63093695368498E+018,1.63093695363308E+018,0.476406574249,-0.896499812603,1.36582911015
1.63093695373744E+018,1.63093695368514E+018,0.476382344961,-0.89746773243,1.36583995819
1.6309369538388E+018,1.63093695373709E+018,0.476377278566,-0.898420333862,1.36584055424
1.63093695389081E+018,1.63093695383911E+018,0.476397097111,-0.89969933033,1.36585235596
1.63093695394283E+018,1.63093695389103E+018,0.476361244917,-0.899758934975,1.36583602428
1.63093695399491E+018,1.63093695394311E+018,0.476294726133,-0.899360120296,1.36580824852
1.63093695409702E+018,1.63093695399513E+018,0.476342082024,-0.898422837257,1.36578285694
1.63093695419878E+018,1.63093695409711E+018,0.476400077343,-0.896335124969,1.36575770378
1.63093695425085E+018,1.63093695419906E+018,0.476416647434,-0.894403338432,1.36580657959
1.63093695430351E+018,1.63093695425087E+018,0.476401329041,-0.893363177776,1.36582875252
1.63093695435495E+018,1.63093695430323E+018,0.476397484541,-0.892434000969,1.3658400774
1.63093695440689E+018,1.63093695435521E+018,0.476422011852,-0.891434669495,1.36584866047
1.63093695450937E+018,1.63093695440716E+018,0.476431161165,-0.890448331833,1.36584091187
1.63093695456143E+018,1.63093695450911E+018,0.476463228464,-0.888509809971,1.36585116386
1.63093695461347E+018,1.63093695456118E+018,0.476491212845,-0.887623131275,1.36584722996
1.63093695466541E+018,1.63093695461318E+018,0.476486414671,-0.8870652318,1.36584734917
1.63093695476722E+018,1.63093695466513E+018,0.476475685835,-0.887017726898,1.36585533619
1.63093695481905E+018,1.63093695476694E+018,0.476485043764,-0.888345777988,1.36590909958
1.63093695487082E+018,1.63093695481877E+018,0.476455897093,-0.889354765415,1.36593806744
1.63093695492213E+018,1.63093695487086E+018,0.476431190968,-0.8904260993,1.36592829227
1.6309369549733E+018,1.63093695492204E+018,0.476411163807,-0.891342639923,1.36589896679
1.63093695502415E+018,1.6309369549731E+018,0.476412594318,-0.892390608788,1.36587285995
1.63093695507529E+018,1.63093695502414E+018,0.47640889883,-0.893345892429,1.36585748196
1.63093695512667E+018,1.63093695507538E+018,0.476422220469,-0.89427959919,1.36584424973
1.63093695517767E+018,1.63093695512656E+018,0.476397484541,-0.895276844501,1.3658452034
1.63093695522912E+018,1.63093695517777E+018,0.476381838322,-0.896236360073,1.36584675312
1.63093695533017E+018,1.63093695522893E+018,0.476381450891,-0.897221803665,1.36584222317
1.63093695538109E+018,1.63093695532997E+018,0.476336508989,-0.899088680744,1.36585235596
1.63093695543258E+018,1.63093695538126E+018,0.476308077574,-0.899870455265,1.36583077908
1.6309369554836E+018,1.63093695543255E+018,0.476347148418,-0.900241494179,1.36584091187
1.6309369555349E+018,1.63093695548378E+018,0.476297408342,-0.900188684464,1.3658260107
1.63093695558633E+018,1.63093695553501E+018,0.476290166378,-0.899631500244,1.3657938242
1.63093695563727E+018,1.63093695558613E+018,0.476306736469,-0.89859265089,1.36577832699
1.63093695568846E+018,1.63093695563743E+018,0.476323276758,-0.897544741631,1.36575770378
1.63093695573968E+018,1.63093695568857E+018,0.476381003857,-0.896560966969,1.3657515049
1.63093695584129E+018,1.63093695573986E+018,0.476370126009,-0.895591676235,1.36578774452
1.63093695589257E+018,1.63093695584143E+018,0.476348102093,-0.893642485142,1.3658323288
1.6309369559438E+018,1.63093695589271E+018,0.476343810558,-0.892668068409,1.36584639549
1.63093695599516E+018,1.63093695594387E+018,0.476366847754,-0.891755521297,1.36584997177
1.63093695604639E+018,1.63093695599533E+018,0.476377934217,-0.890738785267,1.36584496498
1.63093695609761E+018,1.63093695604651E+018,0.476373970509,-0.889817237854,1.36584293842
1.63093695614891E+018,1.63093695609781E+018,0.476403683424,-0.88884216547,1.36584627628
1.63093695625076E+018,1.6309369561491E+018,0.476413786411,-0.887850642204,1.36584353447
1.63093695630288E+018,1.63093695625105E+018,0.476460546255,-0.887092113495,1.36584579945
1.63093695635507E+018,1.63093695630296E+018,0.476576209068,-0.887367963791,1.36586380005
1.63093695640666E+018,1.63093695635482E+018,0.476552814245,-0.888052523136,1.36589705944
1.63093695645844E+018,1.63093695640679E+018,0.476550668478,-0.889146745205,1.36592257023
1.63093695651011E+018,1.63093695645872E+018,0.476470708847,-0.890140712261,1.36594569683
1.63093695656117E+018,1.63093695650992E+018,0.476458400488,-0.891127467155,1.36591923237
1.63093695666294E+018,1.63093695656129E+018,0.476457297802,-0.892117917538,1.36589550972
1.6309369567138E+018,1.63093695666271E+018,0.476491749287,-0.89405220747,1.36584854126
1.63093695676494E+018,1.63093695671394E+018,0.476471364498,-0.894996583462,1.36584472656
1.63093695681627E+018,1.63093695676518E+018,0.476490348577,-0.895991742611,1.36584198475
1.63093695686747E+018,1.63093695681641E+018,0.476476490498,-0.896922945976,1.36584150791
1.63093695691871E+018,1.63093695686768E+018,0.476458698511,-0.897902309895,1.36583971977
1.63093695701994E+018,1.63093695691881E+018,0.476433336735,-0.898817062378,1.36584484577
1.63093695707112E+018,1.63093695701999E+018,0.476392954588,-0.90046697855,1.3658425808
1.63093695712254E+018,1.63093695707117E+018,0.47645419836,-0.900693655014,1.36584103107
1.63093695717349E+018,1.63093695712233E+018,0.476383805275,-0.9005215168,1.36582231522
1.6309369572247E+018,1.6309369571736E+018,0.47639799118,-0.899869740009,1.36579322815
1.6309369572759E+018,1.63093695722478E+018,0.476409733295,-0.898824751377,1.36576759815
1.6309369573271E+018,1.63093695727599E+018,0.476438075304,-0.897750139236,1.36574923992
1.63093695737843E+018,1.6309369573272E+018,0.476467460394,-0.896795094013,1.36576271057
1.63093695742955E+018,1.63093695737848E+018,0.476455122232,-0.895842909813,1.36578893661
1.63093695748077E+018,1.63093695742974E+018,0.476433813572,-0.894867837429,1.36581552029
1.63093695753197E+018,1.63093695748085E+018,0.47642287612,-0.893832921982,1.36583387852
1.63093695758322E+018,1.63093695753211E+018,0.476424217224,-0.892915844917,1.36584234238
1.63093695763445E+018,1.63093695758327E+018,0.476428449154,-0.891975939274,1.36584949493
1.6309369576862E+018,1.63093695763455E+018,0.476415485144,-0.890985846519,1.36585152149
1.63093695773737E+018,1.63093695768628E+018,0.476428687572,-0.889995872974,1.36584568024
1.6309369577886E+018,1.63093695773752E+018,0.476440876722,-0.889075160027,1.36584711075
1.63093695783985E+018,1.63093695778875E+018,0.476440966129,-0.888091385365,1.36584532261
1.63093695789119E+018,1.63093695784005E+018,0.476479828358,-0.887383043766,1.36586177349
1.6309369579424E+018,1.63093695789129E+018,0.4764944911,-0.887224793434,1.36584746838
1.63093695799369E+018,1.63093695794248E+018,0.476609259844,-0.88754338026,1.3658721447
1.63093695804482E+018,1.63093695799362E+018,0.476576566696,-0.888241887093,1.36589705944
1.63093695809582E+018,1.63093695804476E+018,0.476550281048,-0.889292836189,1.36592876911
1.63093695819748E+018,1.63093695809594E+018,0.47649332881,-0.890245318413,1.36595058441
1.63093695824907E+018,1.63093695819772E+018,0.476477473974,-0.892217516899,1.36588728428
1.63093695830038E+018,1.63093695824891E+018,0.476490527391,-0.893244147301,1.3658643961
1.63093695835156E+018,1.63093695830035E+018,0.476491987705,-0.894151806831,1.36585736275
1.63093695840282E+018,1.63093695835161E+018,0.476482480764,-0.895178437233,1.36584174633
1.63093695845478E+018,1.63093695840295E+018,0.476480454206,-0.896127939224,1.36583948135
1.63093695850623E+018,1.63093695845491E+018,0.476464241743,-0.89710187912,1.36584794521
1.63093695855726E+018,1.63093695850603E+018,0.476447165012,-0.898063600063,1.36583256721
1.63093695860868E+018,1.63093695855736E+018,0.47642147541,-0.89905923605,1.36583983898
1.63093695865982E+018,1.63093695860857E+018,0.476412922144,-0.899972915649,1.36584246159
1.63093695871115E+018,1.63093695865991E+018,0.476372390985,-0.900732398033,1.36582696438
1.63093695876283E+018,1.63093695871162E+018,0.476439684629,-0.901104867458,1.36583769321
1.63093695881415E+018,1.63093695876288E+018,0.476385504007,-0.901054620743,1.36583030224
1.63093695886526E+018,1.63093695881419E+018,0.476351678371,-0.900554120541,1.36580741405
1.63093695891656E+018,1.63093695886551E+018,0.476384073496,-0.899573504925,1.36577749252
1.63093695896796E+018,1.63093695891678E+018,0.476423054934,-0.898492872715,1.36575198174
1.63093695901922E+018,1.63093695896812E+018,0.476443827152,-0.897539556026,1.36574804783
1.63093695907057E+018,1.63093695901935E+018,0.476461082697,-0.89654481411,1.36578774452
1.6309369591217E+018,1.63093695907041E+018,0.476441681385,-0.895592033863,1.36580836773
1.63093695917281E+018,1.63093695912161E+018,0.476420223713,-0.894574344158,1.3658246994
1.63093695922476E+018,1.63093695917304E+018,0.476421713829,-0.893624722958,1.36584591866
1.63093695927692E+018,1.63093695922513E+018,0.476418852806,-0.89266449213,1.36585211754
1.6309369593286E+018,1.63093695927727E+018,0.476446509361,-0.891664624214,1.36584055424
1.63093695937969E+018,1.63093695932865E+018,0.476432740688,-0.890727221966,1.36585080624
1.63093695943101E+018,1.6309369593798E+018,0.476454406977,-0.889735519886,1.36584770679
1.63093695948207E+018,1.63093695943102E+018,0.476468324661,-0.888813436031,1.36584079266
1.63093695953326E+018,1.63093695948222E+018,0.476497143507,-0.88786137104,1.36584210396
1.63093695958463E+018,1.63093695953353E+018,0.476498872042,-0.887424170971,1.36585009098
1.63093695968607E+018,1.63093695958468E+018,0.476544976234,-0.88740426302,1.36584699154
1.63093695973701E+018,1.63093695968584E+018,0.4765855968,-0.888720393181,1.36590373516
1.63093695978824E+018,1.6309369597371E+018,0.476565748453,-0.889757692814,1.36593055725
1.63093695983979E+018,1.63093695978834E+018,0.476501375437,-0.89074242115,1.36593639851
1.63093695989083E+018,1.63093695983955E+018,0.476464271545,-0.891696453094,1.36591005325
1.63093695994233E+018,1.63093695989109E+018,0.476495414972,-0.892725229263,1.36588406563
1.63093695999332E+018,1.63093695994211E+018,0.476490110159,-0.893720984459,1.36585700512
1.63093696004475E+018,1.63093695999347E+018,0.476479142904,-0.894665241241,1.36585354805
1.63093696009626E+018,1.63093696004486E+018,0.476477384567,-0.895637094975,1.36584639549
1.6309369601472E+018,1.63093696009606E+018,0.47647112608,-0.896583497524,1.3658452034
1.63093696019848E+018,1.63093696014735E+018,0.476462960243,-0.897550463676,1.36583971977
1.63093696025038E+018,1.63093696019865E+018,0.476450115442,-0.898512899876,1.36584067345
1.63093696030129E+018,1.63093696024971E+018,0.476417541504,-0.899511992931,1.36584568024
1.63093696035265E+018,1.63093696030144E+018,0.476396888494,-0.900473773479,1.36583995819
1.63093696040387E+018,1.63093696035273E+018,0.476349890232,-0.901185929775,1.36583912373
1.63093696045516E+018,1.63093696040401E+018,0.476426273584,-0.901505529881,1.3658323288
1.6309369605064E+018,1.63093696045526E+018,0.476350605488,-0.901389718056,1.3658260107
1.63093696055801E+018,1.63093696050648E+018,0.476368993521,-0.900736033916,1.36580228806
1.63093696060941E+018,1.63093696055805E+018,0.476391673088,-0.899752438068,1.36576867104
1.63093696066068E+018,1.63093696060919E+018,0.476403653622,-0.898659229279,1.36575257778
1.63093696071164E+018,1.63093696066042E+018,0.476447433233,-0.897718548775,1.36576247215
1.63093696076284E+018,1.63093696071176E+018,0.476474285126,-0.896767318249,1.3657810688
1.63093696081424E+018,1.63093696076303E+018,0.476437687874,-0.895720660686,1.3658208847
1.63093696086547E+018,1.63093696081427E+018,0.476432263851,-0.894757032394,1.36582863331
1.63093696091673E+018,1.63093696086551E+018,0.476429820061,-0.893778979778,1.36585104465
1.63093696096792E+018,1.63093696091676E+018,0.476453959942,-0.892839670181,1.36584591866
1.63093696101918E+018,1.63093696096802E+018,0.47645971179,-0.891855239868,1.36584913731
1.63093696107036E+018,1.63093696101923E+018,0.47645765543,-0.890916585922,1.36584591866
1.63093696112164E+018,1.63093696107047E+018,0.476479381323,-0.889938652515,1.36584734917
1.63093696117293E+018,1.63093696112183E+018,0.476492017508,-0.888991653919,1.36585080624
1.63093696122422E+018,1.63093696117308E+018,0.476513177156,-0.888093829155,1.36584413052
1.63093696132548E+018,1.63093696122433E+018,0.476513028145,-0.887622475624,1.36585283279
1.63093696137672E+018,1.63093696132556E+018,0.4765868783,-0.888081550598,1.36586940289
1.63093696142806E+018,1.6309369613768E+018,0.47648948431,-0.888928949833,1.36590433121
1.63093696147955E+018,1.63093696142819E+018,0.476489692926,-0.890031099319,1.36592614651
1.63093696153074E+018,1.6309369614793E+018,0.476446717978,-0.8909907341,1.36593365669
1.63093696158175E+018,1.63093696153043E+018,0.476446211338,-0.891972124577,1.36591136456
1.63093696163283E+018,1.63093696158154E+018,0.476473122835,-0.892950177193,1.36587774754
1.6309369616838E+018,1.63093696163262E+018,0.476501345634,-0.893948197365,1.36585819721
1.6309369617358E+018,1.63093696168399E+018,0.476516842842,-0.894843816757,1.3658438921
1.6309369617877E+018,1.63093696173606E+018,0.476515620947,-0.895810902119,1.3658503294
1.63093696183964E+018,1.63093696178801E+018,0.476524591446,-0.896848976612,1.3658413887
1.63093696189207E+018,1.63093696183992E+018,0.476504951715,-0.897795498371,1.3658427
1.63093696194411E+018,1.63093696189179E+018,0.476509273052,-0.898795247078,1.3658425808
1.63093696199554E+018,1.63093696194376E+018,0.476499974728,-0.899763822556,1.36584091187
1.6309369620478E+018,1.63093696199586E+018,0.476498842239,-0.900717914104,1.36584067345
1.63093696209977E+018,1.63093696204787E+018,0.476456224918,-0.901464343071,1.36583650112
1.63093696215172E+018,1.63093696209988E+018,0.476482212543,-0.901829481125,1.36583292484
1.63093696220403E+018,1.63093696215181E+018,0.476372390985,-0.90173304081,1.36582875252
1.63093696225571E+018,1.63093696220374E+018,0.476341992617,-0.901119828224,1.36580753326
1.63093696230783E+018,1.63093696225564E+018,0.476369738579,-0.900045216084,1.36578631401
1.63093696235935E+018,1.63093696230753E+018,0.476401746273,-0.898990869522,1.36575770378
1.63093696241135E+018,1.63093696235952E+018,0.476441293955,-0.898022055626,1.36575579643
1.63093696246334E+018,1.63093696241154E+018,0.476470172405,-0.897024929523,1.36578786373
1.63093696251534E+018,1.63093696246352E+018,0.476450353861,-0.896006286144,1.3658131361
1.63093696256761E+018,1.6309369625155E+018,0.476431638002,-0.895003974438,1.36584019661
1.63093696261919E+018,1.6309369625673E+018,0.47644713521,-0.894075572491,1.36583352089
1.63093696267098E+018,1.6309369626193E+018,0.476456552744,-0.893099308014,1.36584401131
1.63093696272328E+018,1.63093696267122E+018,0.476463705301,-0.892101109028,1.36584413052
1.63093696277497E+018,1.63093696272308E+018,0.476463735104,-0.891175568104,1.36585068703
1.63093696282672E+018,1.63093696277502E+018,0.476493597031,-0.890152931213,1.3658425808
1.63093696287887E+018,1.63093696282703E+018,0.476505249739,-0.889195859432,1.36584663391
1.63093696293109E+018,1.63093696287916E+018,0.476538896561,-0.888254523277,1.36584889889
1.63093696298291E+018,1.63093696293119E+018,0.47653657198,-0.887821912766,1.36585521698
1.63093696303513E+018,1.63093696298324E+018,0.476569890976,-0.887817561626,1.36585664749
1.63093696308634E+018,1.63093696303511E+018,0.476689428091,-0.888220191002,1.36587524414
1.63093696313742E+018,1.63093696308644E+018,0.476630955935,-0.88904106617,1.36590445042
1.63093696318895E+018,1.6309369631376E+018,0.476611107588,-0.890150785446,1.36593151093
1.63093696324019E+018,1.63093696318876E+018,0.476572275162,-0.891104578972,1.36593902111
1.6309369633415E+018,1.63093696323985E+018,0.476548522711,-0.892068862915,1.3659157753
1.63093696339277E+018,1.63093696334174E+018,0.476568758488,-0.894052624702,1.36586618423
1.63093696344424E+018,1.63093696339299E+018,0.476563990116,-0.89504134655,1.36584436893
1.63093696349547E+018,1.63093696344439E+018,0.476550787687,-0.895970582962,1.36585128307
1.63093696354689E+018,1.63093696349566E+018,0.476571410894,-0.896977961063,1.3658413887
1.63093696359805E+018,1.63093696354695E+018,0.476542174816,-0.897894501686,1.36584115028
1.63093696369932E+018,1.63093696359817E+018,0.476547569036,-0.898899257183,1.36583673954
1.63093696375048E+018,1.63093696369937E+018,0.476508319378,-0.900771796703,1.36584663391
1.63093696380183E+018,1.63093696375055E+018,0.476475507021,-0.901623547077,1.36583697796
1.63093696385261E+018,1.63093696380161E+018,0.476480573416,-0.902110159397,1.36584091187
1.63093696390386E+018,1.63093696385275E+018,0.476393818855,-0.902145028114,1.36583542824
1.63093696395588E+018,1.63093696390403E+018,0.476305603981,-0.901691317558,1.3658093214
1.63093696400768E+018,1.63093696395594E+018,0.476377636194,-0.900778532028,1.36577689648
1.63093696405855E+018,1.63093696400743E+018,0.476394206285,-0.89967161417,1.36575508118
1.63093696411085E+018,1.63093696405872E+018,0.476443350315,-0.898702263832,1.3657412529
1.63093696416231E+018,1.6309369641111E+018,0.476477235556,-0.897687196732,1.36576771736
1.6309369642139E+018,1.63093696416243E+018,0.476458340883,-0.896688640118,1.36580944061
1.63093696426523E+018,1.63093696421407E+018,0.476436495781,-0.895724058151,1.36583197117
1.63093696431691E+018,1.63093696426539E+018,0.476433932781,-0.894751012325,1.36583507061
1.63093696436826E+018,1.63093696431665E+018,0.476454287767,-0.89376193285,1.36585152149
1.63093696446972E+018,1.63093696436837E+018,0.476483523846,-0.892813205719,1.36583995819
1.63093696452133E+018,1.63093696447022E+018,0.47650757432,-0.890895545483,1.36584472656
1.6309369645725E+018,1.63093696452145E+018,0.476518452168,-0.889940977097,1.36584472656
1.630936964624E+018,1.63093696457267E+018,0.476523399353,-0.888938546181,1.36585092545
1.6309369646752E+018,1.63093696462374E+018,0.47657418251,-0.888228654861,1.3658567667
1.63093696472625E+018,1.63093696467496E+018,0.476562052965,-0.888049304485,1.36585557461
1.63093696482718E+018,1.63093696472613E+018,0.476695805788,-0.888316690922,1.36586761475
1.63093696487858E+018,1.63093696482735E+018,0.476624906063,-0.889989495277,1.36592745781
1.63093696492975E+018,1.63093696487859E+018,0.476588457823,-0.890977263451,1.3659402132
1.63093696498099E+018,1.63093696492981E+018,0.476561844349,-0.891979336739,1.36593139172
1.63093696503232E+018,1.63093696498108E+018,0.476560264826,-0.892931342125,1.36589467525
1.6309369650836E+018,1.63093696503231E+018,0.476583123207,-0.893969535828,1.36587154865
1.63093696518451E+018,1.63093696508339E+018,0.476575434208,-0.894953668118,1.36585211754
1.63093696523617E+018,1.63093696518475E+018,0.476575106382,-0.896847367287,1.36585235596
1.63093696528763E+018,1.63093696523635E+018,0.476565986872,-0.897805571556,1.36583590508
1.63093696533896E+018,1.63093696528755E+018,0.476531505585,-0.898775577545,1.3658465147
1.63093696539008E+018,1.63093696533875E+018,0.47652387619,-0.899729251862,1.3658425808
1.63093696544106E+018,1.63093696538989E+018,0.476500302553,-0.900659263134,1.36584568024
1.6309369654924E+018,1.63093696544123E+018,0.47649371624,-0.901637732983,1.36584079266
1.63093696554389E+018,1.63093696549247E+018,0.476469427347,-0.902271926403,1.36583399773
1.6309369655949E+018,1.63093696554367E+018,0.476539492607,-0.902459561825,1.36583137512
1.63093696564619E+018,1.63093696559497E+018,0.476436913013,-0.902184545994,1.36582124233
1.6309369656976E+018,1.630936965646E+018,0.476488649845,-0.901348471642,1.36579036713
1.63093696574894E+018,1.63093696569752E+018,0.47649282217,-0.900351524353,1.36576342583
1.63093696580047E+018,1.63093696574917E+018,0.476505964994,-0.899284720421,1.36576318741
1.63093696585152E+018,1.6309369658003E+018,0.476579129696,-0.898315131664,1.36575245857
1.63093696590345E+018,1.63093696585162E+018,0.476560294628,-0.897343873978,1.36579835415
1.63093696595487E+018,1.63093696590356E+018,0.476522147655,-0.896334826946,1.36581659317
1.63093696605582E+018,1.63093696595464E+018,0.476509213448,-0.895382165909,1.36583936214
1.63093696610714E+018,1.63093696605591E+018,0.476512104273,-0.893509268761,1.36584424973
1.63093696615901E+018,1.63093696610724E+018,0.476528555155,-0.892524659634,1.36584544182
1.63093696621111E+018,1.63093696615933E+018,0.476541101933,-0.891579508781,1.36583817005
1.6309369662633E+018,1.63093696621144E+018,0.476526349783,-0.890563011169,1.36585128307
1.63093696631526E+018,1.63093696626344E+018,0.476530432701,-0.889632761478,1.36584806442
1.63093696636774E+018,1.63093696631551E+018,0.476583957672,-0.888696730137,1.36585247517
1.63093696641975E+018,1.63093696636744E+018,0.476570576429,-0.888382196426,1.36585342884
1.6309369664717E+018,1.63093696641947E+018,0.476639807224,-0.888462841511,1.36586558819
1.6309369665233E+018,1.63093696647143E+018,0.476711601019,-0.888962268829,1.3658823967
1.63093696657568E+018,1.63093696652348E+018,0.476644724607,-0.889955163002,1.36591291428
1.63093696667726E+018,1.63093696657541E+018,0.476603716612,-0.890981078148,1.36593461037
1.6309369667293E+018,1.63093696667749E+018,0.476576536894,-0.892940402031,1.36589431763
1.63093696678139E+018,1.6309369667295E+018,0.476568430662,-0.893926024437,1.36587560177
1.6309369668338E+018,1.63093696678153E+018,0.476588308811,-0.89492893219,1.36585772038
1.63093696688598E+018,1.63093696683347E+018,0.476579129696,-0.895879149437,1.36584639549
1.63093696693749E+018,1.63093696688554E+018,0.476569026709,-0.896910488605,1.36584210396
1.63093696698977E+018,1.63093696693754E+018,0.476567089558,-0.897871673107,1.36583864689
1.63093696704145E+018,1.63093696698946E+018,0.476557224989,-0.898845851421,1.3658387661
1.63093696709353E+018,1.6309369670415E+018,0.476535797119,-0.899813234806,1.36584043503
1.63093696719569E+018,1.63093696709353E+018,0.476521879435,-0.900788605213,1.36584115028
1.63093696724713E+018,1.63093696719538E+018,0.476472169161,-0.902459561825,1.36582779884
1.63093696729911E+018,1.63093696724724E+018,0.476532965899,-0.902694404125,1.36583983898
1.63093696735143E+018,1.63093696729922E+018,0.476466089487,-0.902508854866,1.3658182621
1.63093696740335E+018,1.63093696735112E+018,0.476485431194,-0.901716351509,1.36579680443
1.63093696745491E+018,1.63093696740311E+018,0.476503759623,-0.900650501251,1.36576020718
1.63093696755692E+018,1.63093696745502E+018,0.476546436548,-0.899606406689,1.36574876308
1.6309369676082E+018,1.63093696755707E+018,0.476567387581,-0.897684574127,1.36578917503
1.63093696765955E+018,1.63093696760845E+018,0.476535320282,-0.896651566029,1.36582791805
1.63093696771078E+018,1.63093696765964E+018,0.476527690887,-0.895705640316,1.36583197117
1.63093696776203E+018,1.63093696771092E+018,0.476528644562,-0.894739449024,1.3658400774
1.6309369678145E+018,1.63093696776225E+018,0.476532965899,-0.89379799366,1.36584365368
1.63093696786622E+018,1.63093696781423E+018,0.47651669383,-0.892846465111,1.36584341526
1.63093696791838E+018,1.63093696786634E+018,0.476527839899,-0.891850650311,1.36584532261
1.63093696797009E+018,1.63093696791816E+018,0.476519674063,-0.890910804272,1.36584925652
1.63093696802218E+018,1.63093696797028E+018,0.476533800364,-0.889930784702,1.36584937572
1.63093696807416E+018,1.63093696802231E+018,0.476574748755,-0.8890183568,1.36585271358
1.6309369681262E+018,1.63093696807425E+018,0.476579964161,-0.8887155056,1.365852952
1.63093696817855E+018,1.63093696812626E+018,0.476633787155,-0.888777315617,1.36585497856
1.63093696823016E+018,1.63093696817823E+018,0.476695299149,-0.889271557331,1.36588442326
1.63093696828264E+018,1.63093696823027E+018,0.47663334012,-0.890181958675,1.36590993404
1.63093696833417E+018,1.63093696828234E+018,0.476620435715,-0.89127856493,1.36593687534
1.63093696843658E+018,1.63093696833434E+018,0.476562917233,-0.892286419868,1.3659375906
1.63093696848823E+018,1.63093696843629E+018,0.476608365774,-0.894265770912,1.36586618423
1.63093696854052E+018,1.63093696848823E+018,0.476585894823,-0.895202338696,1.36586558819
1.63093696859142E+018,1.63093696854026E+018,0.476584494114,-0.896221756935,1.36584365368
1.63093696864305E+018,1.63093696859152E+018,0.476577073336,-0.897149682045,1.36584687233
1.63093696869433E+018,1.63093696864312E+018,0.476574391127,-0.898146569729,1.36583471298
1.63093696879591E+018,1.63093696869451E+018,0.476548999548,-0.899090766907,1.36583971977
1.63093696884685E+018,1.63093696879574E+018,0.476523995399,-0.900984764099,1.36583995819
1.63093696889801E+018,1.6309369688469E+018,0.476524472237,-0.901908636093,1.36584293842
1.63093696894927E+018,1.63093696889811E+018,0.476455122232,-0.902643442154,1.36583995819
1.63093696900103E+018,1.63093696894942E+018,0.476538866758,-0.902912557125,1.36583948135
1.63093696905272E+018,1.63093696900077E+018,0.476475119591,-0.902755379677,1.36582684517
1.63093696915475E+018,1.63093696905289E+018,0.476494640112,-0.902063429356,1.3657977581
1.63093696920662E+018,1.63093696915486E+018,0.476514697075,-0.900002300739,1.36575686932
1.63093696925864E+018,1.63093696920689E+018,0.476584523916,-0.899013459682,1.36575055122
1.63093696931091E+018,1.63093696925897E+018,0.476566672325,-0.898053884506,1.36579012871
1.63093696936324E+018,1.63093696931105E+018,0.476545125246,-0.897015035152,1.36581897736
1.63093696941518E+018,1.63093696936295E+018,0.47652721405,-0.896052241325,1.36583137512
1.63093696946678E+018,1.63093696941487E+018,0.476528733969,-0.895121276379,1.36582767963
1.63093696951918E+018,1.63093696946697E+018,0.476525574923,-0.894098818302,1.36585366726
1.63093696957059E+018,1.63093696951886E+018,0.476516902447,-0.893153190613,1.36584889889
1.63093696962195E+018,1.63093696957089E+018,0.476519972086,-0.892149329185,1.36584532261
1.63093696972366E+018,1.63093696962211E+018,0.476536691189,-0.891232669353,1.36584973335
1.63093696977523E+018,1.63093696972386E+018,0.476575404406,-0.889390289783,1.36585319042
1.63093696982696E+018,1.6309369697756E+018,0.476579785347,-0.889060199261,1.36585140228
1.63093696987885E+018,1.63093696982725E+018,0.476635396481,-0.889149188995,1.36586749554
1.63093696993115E+018,1.6309369698792E+018,0.476693540812,-0.889708280563,1.36588156223
1.63093696998245E+018,1.63093696993093E+018,0.4766484797,-0.890641987324,1.36591720581
1.63093697003452E+018,1.63093696998255E+018,0.476627886295,-0.891690611839,1.36593496799
1.63093697008676E+018,1.63093697003483E+018,0.476571261883,-0.892669200897,1.36593806744
1.63093697013806E+018,1.63093697008641E+018,0.476562798023,-0.893657505512,1.36591398716
1.63093697019004E+018,1.63093697013834E+018,0.476598799229,-0.89468061924,1.36586940289
1.63093697024191E+018,1.63093697019013E+018,0.476596862078,-0.895664572716,1.36585640907
1.63093697034526E+018,1.63093697024217E+018,0.476597934961,-0.896619200706,1.36584150791
1.63093697039813E+018,1.63093697034505E+018,0.476569801569,-0.898535013199,1.36584758759
1.63093697044987E+018,1.63093697039815E+018,0.476555496454,-0.899583935738,1.36583948135
1.63093697050175E+018,1.63093697045012E+018,0.47654774785,-0.900540471077,1.3658413887
1.63093697055342E+018,1.63093697050187E+018,0.476541429758,-0.901526272297,1.36583995819
1.6309369706554E+018,1.63093697055366E+018,0.476520061493,-0.902450621128,1.36583733559
1.63093697070695E+018,1.63093697065547E+018,0.476552456617,-0.903126180172,1.36584019661
1.6309369707584E+018,1.63093697070714E+018,0.476463913918,-0.902785718441,1.36581647396
1.63093697080929E+018,1.63093697075824E+018,0.476543486118,-0.901928901672,1.36578905582
1.63093697086036E+018,1.63093697080939E+018,0.476553320885,-0.900905132294,1.36576676369
1.63093697091176E+018,1.63093697086054E+018,0.476569950581,-0.89990824461,1.36575865746
1.63093697101348E+018,1.63093697091176E+018,0.476651936769,-0.898939430714,1.36574780941
1.63093697106412E+018,1.63093697101298E+018,0.476604372263,-0.896962344646,1.36581945419
1.63093697111543E+018,1.63093697106427E+018,0.476582050323,-0.895997345448,1.36583089828
1.63093697116666E+018,1.63093697111551E+018,0.476590663195,-0.895027577877,1.36584627628
1.6309369712179E+018,1.63093697116681E+018,0.476599097252,-0.894106268883,1.36584854126
1.63093697126917E+018,1.63093697121798E+018,0.476610720158,-0.893134713173,1.3658400774
1.6309369713704E+018,1.63093697126926E+018,0.476610451937,-0.892123162746,1.36585307121
1.63093697147181E+018,1.63093697137047E+018,0.476644456387,-0.890251040459,1.3658503294
1.63093697152321E+018,1.63093697147207E+018,0.476643353701,-0.889375567436,1.36585128307
1.63093697157465E+018,1.63093697152328E+018,0.476725667715,-0.889662981033,1.36586880684
1.63093697162593E+018,1.63093697157476E+018,0.476631760597,-0.890391170979,1.36590349674
1.63093697167755E+018,1.63093697162624E+018,0.476622849703,-0.891444265842,1.36592304707
1.63093697172866E+018,1.63093697167757E+018,0.476559519768,-0.89242374897,1.36594760418
1.63093697182998E+018,1.6309369717288E+018,0.476563870907,-0.89344727993,1.36592495441
1.63093697188118E+018,1.63093697183006E+018,0.47661024332,-0.895401835442,1.36586976051
1.63093697193254E+018,1.63093697188134E+018,0.476615548134,-0.896297335625,1.36584711075
1.63093697198366E+018,1.63093697193244E+018,0.476597547531,-0.897306025028,1.36584067345
1.63093697203492E+018,1.63093697198365E+018,0.476582616568,-0.898219466209,1.36584568024
1.63093697208691E+018,1.63093697203475E+018,0.476584941149,-0.899205446243,1.3658465147
1.63093697213786E+018,1.63093697208667E+018,0.476572364569,-0.900164663792,1.36584174633
1.63093697218901E+018,1.63093697213794E+018,0.476551115513,-0.901148915291,1.36583995819
1.63093697224019E+018,1.63093697218913E+018,0.476547330618,-0.902085721493,1.36584293842
1.63093697229155E+018,1.63093697224036E+018,0.476504564285,-0.902898311615,1.36584055424
1.63093697234273E+018,1.63093697229168E+018,0.476535409689,-0.903251230717,1.36584949493
1.63093697239476E+018,1.63093697234298E+018,0.476543068886,-0.903205156326,1.36583554745
1.63093697244589E+018,1.63093697239455E+018,0.476497322321,-0.902731537819,1.3658144474
1.63093697249698E+018,1.63093697244569E+018,0.476557791233,-0.901823222637,1.36578190327
1.63093697254792E+018,1.63093697249677E+018,0.476576864719,-0.900789022446,1.36576592922
1.630936972599E+018,1.63093697254784E+018,0.476594895124,-0.899743378162,1.3657643795
1.63093697265034E+018,1.63093697259917E+018,0.476653337479,-0.898815155029,1.36575865746
1.6309369727018E+018,1.63093697265039E+018,0.47661909461,-0.897840738297,1.36580586433
1.63093697275289E+018,1.63093697270164E+018,0.476588368416,-0.896798193455,1.36582672596
1.6309369728038E+018,1.63093697275269E+018,0.47659316659,-0.895899176598,1.36583483219
1.63093697285555E+018,1.63093697280387E+018,0.476610273123,-0.894909203053,1.3658413887
1.63093697290745E+018,1.63093697285592E+018,0.476615309715,-0.89399433136,1.36583852768
1.63093697295881E+018,1.63093697290762E+018,0.476615577936,-0.893020570278,1.36584281921
1.63093697300999E+018,1.63093697295889E+018,0.476625442505,-0.892019152641,1.36584675312
1.63093697311145E+018,1.63093697301009E+018,0.47663462162,-0.89107811451,1.36584472656
1.63093697321242E+018,1.63093697311123E+018,0.476643979549,-0.88984131813,1.36586368084
1.63093697326345E+018,1.63093697321243E+018,0.476680487394,-0.890501379967,1.36586678028
1.63093697331482E+018,1.63093697326363E+018,0.476599365473,-0.891368985176,1.36591005325
1.63093697336579E+018,1.63093697331466E+018,0.476599365473,-0.89243966341,1.36593079567
1.63093697346724E+018,1.63093697336604E+018,0.47656673193,-0.893392980099,1.36593663692
1.63093697351847E+018,1.63093697346733E+018,0.476593762636,-0.895372092724,1.36588060856
1.63093697357084E+018,1.63093697351868E+018,0.476615399122,-0.896285772324,1.36586093903
1.63093697362285E+018,1.63093697357057E+018,0.476597696543,-0.897297620773,1.36584401131
1.6309369736744E+018,1.63093697362256E+018,0.476589351892,-0.898242354393,1.36584949493
1.63093697372637E+018,1.63093697367457E+018,0.476596057415,-0.899250507355,1.36583375931
1.6309369738278E+018,1.63093697372654E+018,0.476588577032,-0.900205910206,1.36583399773
1.63093697387892E+018,1.63093697382781E+018,0.476580560207,-0.902106940746,1.36583757401
1.63093697393045E+018,1.63093697387907E+018,0.476520448923,-0.902940511703,1.36583828926
1.63093697398136E+018,1.63093697393026E+018,0.476553618908,-0.903364956379,1.36584115028
1.63093697403259E+018,1.63093697398149E+018,0.47657597065,-0.90335804224,1.36583077908
1.6309369740837E+018,1.63093697403265E+018,0.476516157389,-0.902883410454,1.36581432819
1.63093697413489E+018,1.63093697408383E+018,0.476571857929,-0.901951611042,1.36579394341
1.63093697418624E+018,1.63093697413502E+018,0.476593792439,-0.90095436573,1.36576330662
1.63093697423748E+018,1.63093697418607E+018,0.476613759995,-0.899887502193,1.36575901508
1.63093697428838E+018,1.63093697423727E+018,0.476652055979,-0.89899200201,1.36576473713
1.63093697433961E+018,1.63093697428847E+018,0.476626157761,-0.897966504097,1.36580753326
1.63093697439082E+018,1.63093697433965E+018,0.476614177227,-0.896985769272,1.36582028866
1.63093697444244E+018,1.63093697439091E+018,0.476595759392,-0.896082699299,1.3658311367
1.63093697449336E+018,1.63093697444224E+018,0.476603865623,-0.895106077194,1.36584091187
1.63093697454476E+018,1.63093697449343E+018,0.47661653161,-0.894115328789,1.36584222317
1.63093697459575E+018,1.63093697454452E+018,0.476597726345,-0.893182933331,1.36584663391
1.63093697464702E+018,1.63093697459586E+018,0.476616412401,-0.892218291759,1.36584794521
1.63093697469823E+018,1.63093697464707E+018,0.476626634598,-0.891272962093,1.36584079266
1.63093697474947E+018,1.63093697469833E+018,0.476650416851,-0.890507221222,1.36585617065
1.63093697480074E+018,1.6309369747496E+018,0.476652503014,-0.890276193619,1.36584603786
1.63093697485217E+018,1.63093697480083E+018,0.476738572121,-0.890468120575,1.36586856842
1.63093697490359E+018,1.63093697485243E+018,0.476749002934,-0.891082823277,1.36588990688
1.63093697495491E+018,1.63093697490381E+018,0.476731061935,-0.892010867596,1.36591315269
1.63093697500621E+018,1.63093697495505E+018,0.476679503918,-0.893057763577,1.36593735218
1.63093697505767E+018,1.63093697500631E+018,0.476661115885,-0.894074082375,1.36592423916
1.63093697510886E+018,1.63093697505771E+018,0.476635724306,-0.894981205463,1.36590361595
1.63093697516014E+018,1.63093697510896E+018,0.476674765348,-0.896052539349,1.36587631702
1.6309369752112E+018,1.63093697516018E+018,0.476662516594,-0.896989405155,1.36585760117
1.63093697526258E+018,1.63093697521145E+018,0.476673036814,-0.897982180119,1.3658413887
1.6309369753139E+018,1.6309369752626E+018,0.476651847363,-0.898926615715,1.36583733559
1.63093697541492E+018,1.63093697531381E+018,0.476637005806,-0.899897217751,1.36584436893
1.63093697546618E+018,1.63093697541521E+018,0.476632744074,-0.901750802994,1.36583566666
1.63093697551799E+018,1.63093697546639E+018,0.476608842611,-0.902742505074,1.36583554745
1.63093697556889E+018,1.63093697551783E+018,0.476569443941,-0.903328120708,1.36583518982
1.63093697562034E+018,1.63093697556898E+018,0.476636826992,-0.903470277786,1.36583316326
1.63093697567147E+018,1.63093697562009E+018,0.476559668779,-0.903258562088,1.36582326889
1.63093697577252E+018,1.63093697567128E+018,0.476625949144,-0.902527749538,1.36580240726
1.63093697582367E+018,1.63093697577261E+018,0.476660639048,-0.900486290455,1.36574721336
1.63093697587488E+018,1.63093697582386E+018,0.476703464985,-0.899522960186,1.36575424671
1.63093697592616E+018,1.63093697587508E+018,0.476711243391,-0.89854824543,1.36578834057
1.63093697602747E+018,1.63093697592633E+018,0.476678997278,-0.897591233253,1.36582136154
1.63093697607868E+018,1.63093697602762E+018,0.476665377617,-0.895653069019,1.36584627628
1.63093697612989E+018,1.63093697607874E+018,0.476678818464,-0.894712686539,1.36584281921
1.63093697618113E+018,1.63093697612998E+018,0.476681053638,-0.893719494343,1.36584973335
1.63093697623239E+018,1.63093697618126E+018,0.476692765951,-0.892798304558,1.36584818363
1.6309369762835E+018,1.63093697623245E+018,0.476702272892,-0.891828835011,1.36584961414
1.63093697633504E+018,1.63093697628368E+018,0.476745128632,-0.891009747982,1.36586272717
1.63093697638597E+018,1.63093697633475E+018,0.476725548506,-0.890765964985,1.36585450172
1.63093697643709E+018,1.63093697638602E+018,0.476766139269,-0.890971004963,1.36587631702
1.63093697648837E+018,1.63093697643725E+018,0.476726621389,-0.891610324383,1.36588931084
1.63093697653966E+018,1.63093697648842E+018,0.476677775383,-0.892598867416,1.3659132719
1.63093697664083E+018,1.6309369765398E+018,0.476664483547,-0.893576860428,1.36593198776
1.63093697669249E+018,1.63093697664109E+018,0.476622700691,-0.895447254181,1.36591696739
1.63093697674385E+018,1.63093697669256E+018,0.476676523685,-0.896526157856,1.36587810516
1.63093697679524E+018,1.63093697674398E+018,0.476703435183,-0.897518277168,1.36584603786
1.63093697684704E+018,1.63093697679515E+018,0.476674407721,-0.898432016373,1.36584353447
1.63093697689955E+018,1.63093697684727E+018,0.476674318314,-0.899455726147,1.36584079266
1.6309369769513E+018,1.63093697689918E+018,0.47665771842,-0.900403618813,1.36584341526
1.63093697700335E+018,1.63093697695158E+018,0.47663807869,-0.901395499706,1.36583912373
1.63093697705536E+018,1.63093697700355E+018,0.476646691561,-0.902360677719,1.36583292484
1.63093697710796E+018,1.6309369770556E+018,0.476594865322,-0.903176188469,1.36582815647
1.63093697715999E+018,1.63093697710861E+018,0.476613491774,-0.903475821018,1.3658362627
1.63093697721088E+018,1.63093697715979E+018,0.476534694433,-0.903396844864,1.36583137512
1.63093697726216E+018,1.63093697721106E+018,0.476480990648,-0.902892768383,1.3658002615
1.63093697731353E+018,1.63093697726236E+018,0.476531237364,-0.901949644089,1.36577677727
1.63093697736551E+018,1.63093697731367E+018,0.4765612185,-0.900862157345,1.36575806141
1.63093697741743E+018,1.63093697736572E+018,0.476592570543,-0.899832367897,1.36576390266
1.63093697746981E+018,1.63093697741762E+018,0.476654440165,-0.898926258087,1.36576068401
1.63093697752122E+018,1.63093697746948E+018,0.476623803377,-0.89786028862,1.36580789089
1.63093697762363E+018,1.63093697752146E+018,0.476625561714,-0.89686948061,1.3658260107
1.63093697767595E+018,1.63093697762385E+018,0.47663512826,-0.894980072975,1.36584806442
1.63093697772793E+018,1.63093697767567E+018,0.476639986038,-0.893985748291,1.36584353447
1.63093697778006E+018,1.63093697772799E+018,0.476633071899,-0.893004179001,1.3658541441
1.63093697783241E+018,1.63093697778023E+018,0.476674109697,-0.892080068588,1.36584603786
1.63093697788479E+018,1.63093697783255E+018,0.476715266705,-0.891369223595,1.36585962772
1.63093697793658E+018,1.63093697788451E+018,0.476699650288,-0.891305029392,1.36585080624
1.63093697798808E+018,1.6309369779363E+018,0.476823717356,-0.891608178616,1.36587488651
1.63093697803931E+018,1.63093697798818E+018,0.476784259081,-0.892284333706,1.36589193344
1.63093697809051E+018,1.63093697803945E+018,0.4767819345,-0.893373131752,1.36592280865
1.63093697819169E+018,1.63093697809067E+018,0.476744294167,-0.894335210323,1.36592817307
1.63093697824287E+018,1.63093697819184E+018,0.476714015007,-0.896238684654,1.36589634418
1.6309369782942E+018,1.6309369782431E+018,0.476737350225,-0.897263884544,1.3658747673
1.63093697834555E+018,1.63093697829444E+018,0.476733386517,-0.898202240467,1.36585247517
1.63093697839699E+018,1.63093697834564E+018,0.476729214191,-0.899192631245,1.36584806442
1.63093697844798E+018,1.63093697839676E+018,0.47671481967,-0.900159657001,1.36584246159
1.63093697849919E+018,1.63093697844803E+018,0.476713299751,-0.901081562042,1.3658323288
1.63093697855044E+018,1.6309369784992E+018,0.476672053337,-0.902051866055,1.36585068703
1.63093697860165E+018,1.63093697855055E+018,0.476662635803,-0.902930319309,1.36584448814
1.63093697870286E+018,1.63093697860179E+018,0.476636976004,-0.903447031975,1.36584019661
1.630936978754E+018,1.63093697870296E+018,0.476508289576,-0.902967989445,1.36581397057
1.63093697880525E+018,1.63093697875413E+018,0.476571559906,-0.902098178864,1.36578297615
1.63093697885719E+018,1.63093697880539E+018,0.476589620113,-0.901001155376,1.36576473713
1.63093697890933E+018,1.63093697885747E+018,0.476621627808,-0.899993240833,1.36575114727
1.63093697896143E+018,1.63093697890946E+018,0.476673275232,-0.899034976959,1.36575567722
1.63093697901388E+018,1.63093697896207E+018,0.476640790701,-0.898026823997,1.36580359936
1.63093697906592E+018,1.630936979014E+018,0.476632714272,-0.896995067596,1.36581838131
1.63093697911804E+018,1.63093697906583E+018,0.476605385542,-0.896043598652,1.36584067345
1.63093697916955E+018,1.63093697911774E+018,0.476614147425,-0.895074129105,1.36584162712
1.6309369792215E+018,1.63093697916971E+018,0.476608097553,-0.894118309021,1.36585521698
1.63093697927337E+018,1.63093697922165E+018,0.476613640785,-0.89310324192,1.36584997177
1.6309369793253E+018,1.63093697927357E+018,0.476661264896,-0.892252445221,1.36585259438
1.63093697937732E+018,1.63093697932561E+018,0.47666913271,-0.891927182674,1.36585593224
1.63093697942929E+018,1.63093697937755E+018,0.476722955704,-0.892027378082,1.36585938931
1.63093697948142E+018,1.63093697942955E+018,0.476792871952,-0.892602145672,1.36587738991
1.63093697953333E+018,1.63093697948161E+018,0.476737380028,-0.893537700176,1.36591219902
1.63093697958552E+018,1.63093697953358E+018,0.476736962795,-0.894569933414,1.36592829227
1.63093697963695E+018,1.63093697958579E+018,0.476716756821,-0.895587801933,1.36593282223
1.63093697968817E+018,1.63093697963709E+018,0.47668582201,-0.896463871002,1.36591768265
1.63093697973934E+018,1.63093697968827E+018,0.476735562086,-0.897540390491,1.36587762833
1.63093697979063E+018,1.63093697973945E+018,0.476733654737,-0.898476183414,1.36586368084
1.63093697984224E+018,1.63093697979074E+018,0.476744025946,-0.899447500706,1.36583971977
1.63093697989355E+018,1.63093697984242E+018,0.47676089406,-0.900448143482,1.36582970619
1.63093697994476E+018,1.63093697989372E+018,0.476739376783,-0.901376128197,1.36584341526
1.63093697999599E+018,1.63093697994484E+018,0.476742774248,-0.902289927006,1.36583638191
1.6309369800473E+018,1.63093697999604E+018,0.476692527533,-0.903069913387,1.36584210396
1.63093698009854E+018,1.63093698004722E+018,0.47670891881,-0.903385341167,1.36583852768
1.63093698019991E+018,1.6309369800985E+018,0.476630777121,-0.903250455856,1.3658260107
1.63093698025073E+018,1.63093698019969E+018,0.476637989283,-0.9016533494,1.3657784462
1.63093698030215E+018,1.6309369802509E+018,0.47666952014,-0.900637924671,1.36575686932
1.63093698035324E+018,1.63093698030203E+018,0.476703345776,-0.899670779705,1.36575198174
1.63093698040443E+018,1.63093698035326E+018,0.476744890213,-0.89870762825,1.36576163769
1.63093698045563E+018,1.63093698040434E+018,0.476711630821,-0.897734582424,1.36580491066
1.63093698055684E+018,1.63093698045573E+018,0.476697385311,-0.896715164185,1.36582052708
1.63093698060911E+018,1.63093698055798E+018,0.476714670658,-0.894832670689,1.36583554745
1.63093698066028E+018,1.63093698060917E+018,0.476698309183,-0.893855929375,1.3658438921
1.63093698071142E+018,1.63093698066034E+018,0.476719200611,-0.892958462238,1.36585044861
1.63093698081272E+018,1.63093698071162E+018,0.476761430502,-0.892582476139,1.36585891247
1.63093698086438E+018,1.63093698081282E+018,0.476828664541,-0.893307447433,1.36589169502
1.63093698091567E+018,1.63093698086454E+018,0.476782679558,-0.894278049469,1.36591482162
1.63093698096708E+018,1.63093698091585E+018,0.476768940687,-0.895294606686,1.36592316628
1.63093698101819E+018,1.63093698096713E+018,0.476737886667,-0.896297693253,1.36593914032
1.63093698106964E+018,1.63093698101845E+018,0.476708203554,-0.897199869156,1.36591851711
1.63093698112091E+018,1.63093698106984E+018,0.476744025946,-0.8982604146,1.36587905884
1.63093698117227E+018,1.63093698112108E+018,0.476734668016,-0.899210870266,1.3658567667
1.63093698122353E+018,1.63093698117244E+018,0.47672277689,-0.900146782398,1.36584794521
1.63093698127491E+018,1.63093698122363E+018,0.476709425449,-0.9011490345,1.36584019661
1.63093698132613E+018,1.63093698127501E+018,0.476703166962,-0.902135252953,1.36583471298
1.63093698142754E+018,1.6309369813262E+018,0.476669192314,-0.90291506052,1.36583733559
1.63093698147858E+018,1.63093698142741E+018,0.476594507694,-0.903185784817,1.36582219601
1.63093698152989E+018,1.6309369814787E+018,0.476537972689,-0.902642071247,1.36580491066
1.63093698158103E+018,1.63093698152989E+018,0.476596653461,-0.901680469513,1.36578464508
1.6309369816323E+018,1.63093698158113E+018,0.476643055677,-0.900595426559,1.36575460434
1.63093698168351E+018,1.63093698163229E+018,0.476684898138,-0.899591386318,1.36575889587
1.63093698173472E+018,1.63093698168359E+018,0.476724475622,-0.89863717556,1.36576378345
1.630936981786E+018,1.63093698173484E+018,0.476714909077,-0.897661030293,1.36580014229
1.63093698183715E+018,1.63093698178614E+018,0.476695895195,-0.89663285017,1.36583435535
1.63093698188848E+018,1.63093698183736E+018,0.476713657379,-0.895697593689,1.36583709717
1.63093698194012E+018,1.63093698188863E+018,0.476720243692,-0.894711494446,1.36585342884
1.63093698199173E+018,1.63093698194028E+018,0.476755410433,-0.893812596798,1.36584162712
1.63093698204285E+018,1.63093698199186E+018,0.476809233427,-0.893296420574,1.36584794521
1.630936982094E+018,1.63093698204299E+018,0.476743191481,-0.893325924873,1.36585569382
1.63093698214527E+018,1.63093698209419E+018,0.476785093546,-0.893879830837,1.36588227749
1.63093698219641E+018,1.6309369821454E+018,0.476691573858,-0.894755423069,1.36591088772
1.63093698224763E+018,1.63093698219668E+018,0.476734727621,-0.895791769028,1.36592364311
1.63093698229885E+018,1.6309369822478E+018,0.476706206799,-0.896788716316,1.36593854427
1.63093698234998E+018,1.63093698229899E+018,0.476700484753,-0.89769244194,1.36592614651
1.63093698240127E+018,1.6309369823502E+018,0.476707339287,-0.898730933666,1.36589872837
1.63093698245247E+018,1.63093698240146E+018,0.476750254631,-0.899692595005,1.36586987972
1.63093698250385E+018,1.63093698245276E+018,0.476747959852,-0.900652945042,1.36584961414
1.63093698255534E+018,1.63093698250401E+018,0.476744502783,-0.901595294476,1.36584341526
1.63093698260654E+018,1.63093698255538E+018,0.476750284433,-0.902557790279,1.36584305763
1.63093698265849E+018,1.63093698260657E+018,0.476727098227,-0.903037905693,1.36582756042
1.63093698270935E+018,1.63093698265824E+018,0.476731806993,-0.903064131737,1.36582839489
1.63093698276062E+018,1.63093698270951E+018,0.47661331296,-0.902575612068,1.36580860615
1.63093698281203E+018,1.63093698276079E+018,0.476652741432,-0.901734948158,1.36578786373
1.63093698286348E+018,1.63093698281206E+018,0.476668447256,-0.900641202927,1.36576461792
1.6309369829648E+018,1.63093698286368E+018,0.476707696915,-0.899622380733,1.36575782299
1.63093698301594E+018,1.63093698296488E+018,0.476723521948,-0.897730112076,1.36579656601
1.63093698306731E+018,1.63093698301613E+018,0.476691365242,-0.896767318249,1.36581814289
1.63093698311844E+018,1.63093698306736E+018,0.476677149534,-0.895774722099,1.36583411694
1.63093698316983E+018,1.63093698311851E+018,0.476703643799,-0.894828975201,1.36584055424
1.63093698322098E+018,1.6309369831696E+018,0.476725041866,-0.894149661064,1.36584937572
1.63093698327221E+018,1.63093698322115E+018,0.476711511612,-0.894063055515,1.36585080624
1.63093698332348E+018,1.63093698327232E+018,0.476833671331,-0.894438266754,1.36587584019
1.63093698337464E+018,1.63093698332354E+018,0.4767575562,-0.895179271698,1.36591041088
1.63093698342587E+018,1.6309369833748E+018,0.476778000593,-0.896183848381,1.36591410637
1.6309369834771E+018,1.63093698342603E+018,0.47674959898,-0.897163331509,1.36593914032
1.63093698352854E+018,1.6309369834773E+018,0.476738333702,-0.898168623447,1.36592745781
1.63093698357945E+018,1.63093698352834E+018,0.47670891881,-0.899075865746,1.36591649055
1.63093698363093E+018,1.63093698357958E+018,0.476767390966,-0.900113582611,1.36586773396
1.6309369836818E+018,1.63093698363061E+018,0.476754575968,-0.901077330112,1.36584734917
1.63093698373286E+018,1.63093698368189E+018,0.476743817329,-0.902043521404,1.36584246159
1.63093698378406E+018,1.63093698373299E+018,0.476689517498,-0.902691662312,1.36582958698
1.6309369838353E+018,1.63093698378423E+018,0.476709544659,-0.902835786343,1.36584031582
1.63093698388655E+018,1.63093698383543E+018,0.476614028215,-0.902600944042,1.36581647396
1.63093698393775E+018,1.63093698388665E+018,0.476654917002,-0.901935219765,1.36579763889
1.63093698403919E+018,1.63093698393788E+018,0.476670295,-0.900964438915,1.36577641964
1.6309369840902E+018,1.6309369840392E+018,0.476722091436,-0.898895919323,1.3657592535
1.63093698414173E+018,1.63093698409047E+018,0.476752638817,-0.898033499718,1.36576128006
1.63093698419275E+018,1.63093698414154E+018,0.47672444582,-0.896977126598,1.36580586433
1.63093698424387E+018,1.6309369841928E+018,0.47671854496,-0.896019637585,1.36581611633
1.63093698429522E+018,1.63093698424407E+018,0.476747572422,-0.895210266113,1.36584329605
1.63093698434657E+018,1.63093698429535E+018,0.476749539375,-0.895027697086,1.36584663391
1.63093698439781E+018,1.63093698434662E+018,0.476832985878,-0.895292401314,1.36586737633
1.63093698449893E+018,1.63093698439787E+018,0.476806223392,-0.896030843258,1.36588513851
1.63093698455018E+018,1.63093698449906E+018,0.476749688387,-0.897967219353,1.36593234539
1.63093698460141E+018,1.63093698455025E+018,0.476735532284,-0.898934185505,1.36593365669
1.63093698465267E+018,1.63093698460154E+018,0.476680099964,-0.899883985519,1.36593127251
1.63093698470389E+018,1.63093698465272E+018,0.476697862148,-0.900893867016,1.36589479446
1.63093698475515E+018,1.63093698470401E+018,0.476696223021,-0.901840746403,1.36587631702
1.63093698480674E+018,1.63093698475531E+018,0.476682126522,-0.902343988419,1.3658465147
1.63093698485824E+018,1.6309369848068E+018,0.476694017649,-0.902356386185,1.36584019661
1.63093698491029E+018,1.63093698485846E+018,0.476582556963,-0.902006089687,1.36582040787
1.63093698496259E+018,1.63093698491056E+018,0.476687610149,-0.901244103909,1.36579418182
1.63093698501424E+018,1.63093698496251E+018,0.476681679487,-0.900209307671,1.36577653885
1.63093698511658E+018,1.63093698501456E+018,0.476705998182,-0.899177789688,1.36575484276
1.6309369851685E+018,1.63093698511658E+018,0.476778805256,-0.897320151329,1.3657605648
1.63093698522071E+018,1.63093698516866E+018,0.476770102978,-0.896357059479,1.36580348015
1.63093698527191E+018,1.6309369852208E+018,0.476811856031,-0.896185219288,1.36583125591
1.6309369853234E+018,1.63093698527204E+018,0.476881861687,-0.896456062794,1.36585378647
1.63093698537459E+018,1.63093698532318E+018,0.476916104555,-0.897121667862,1.36587643623
1.63093698542534E+018,1.63093698537433E+018,0.476848632097,-0.898014843464,1.3659068346
1.6309369854765E+018,1.63093698542549E+018,0.476829707623,-0.89905667305,1.36592316628
1.63093698552766E+018,1.63093698547656E+018,0.476800709963,-0.900040447712,1.3659235239
1.63093698557909E+018,1.63093698552776E+018,0.476723730564,-0.900952160358,1.36593294144
1.63093698568025E+018,1.63093698557886E+018,0.476646304131,-0.901559531689,1.36591100693
1.63093698573115E+018,1.63093698567997E+018,0.476655781269,-0.90083116293,1.36582541466
1.63093698578249E+018,1.6309369857313E+018,0.476737856865,-0.89999717474,1.36578512192
1.63093698583388E+018,1.63093698578267E+018,0.476746082306,-0.898950219154,1.36577570438
1.6309369858851E+018,1.63093698583392E+018,0.476801872253,-0.898077964783,1.36576259136
1.63093698593683E+018,1.63093698588517E+018,0.476875692606,-0.897721469402,1.3657720089
1.63093698603812E+018,1.63093698593716E+018,0.476841300726,-0.898378014565,1.36580252647
1.6309369861403E+018,1.6309369860384E+018,0.476888507605,-0.899667799473,1.36587464809
1.63093698619247E+018,1.63093698614036E+018,0.476753205061,-0.899398446083,1.36602079868
1.63093698624451E+018,1.63093698619216E+018,0.4767100811,-0.898726761341,1.36606633663
1.63093698629668E+018,1.63093698624466E+018,0.476583778858,-0.897819280624,1.36609387398
1.63093698634868E+018,1.63093698629693E+018,0.476511031389,-0.896960616112,1.36609911919
1.63093698640054E+018,1.63093698634881E+018,0.47647947073,-0.896224141121,1.36610817909
1.63093698645251E+018,1.63093698640074E+018,0.476391464472,-0.895421504974,1.36610949039
1.63093698650471E+018,1.63093698645272E+018,0.476347357035,-0.894658207893,1.36609554291
1.63093698655633E+018,1.63093698650455E+018,0.476265788078,-0.893856346607,1.36609721184
1.63093698660938E+018,1.63093698655667E+018,0.476225525141,-0.89347755909,1.36610639095
1.63093698666097E+018,1.63093698660912E+018,0.476169884205,-0.892977297306,1.36610674858
1.6309369867133E+018,1.63093698666151E+018,0.476175099611,-0.892446637154,1.36610305309
1.63093698676533E+018,1.6309369867135E+018,0.47622731328,-0.891511499882,1.36609709263
1.63093698681728E+018,1.63093698676542E+018,0.476171553135,-0.890485167503,1.3660941124
1.63093698686853E+018,1.63093698681732E+018,0.476225465536,-0.889600217342,1.36609005928
1.63093698691989E+018,1.63093698686865E+018,0.476264119148,-0.888840079308,1.36610269547
1.63093698697085E+018,1.63093698691977E+018,0.476288378239,-0.888193666935,1.3660941124
1.63093698702214E+018,1.63093698697099E+018,0.476264715195,-0.887655198574,1.36609268188
1.63093698707336E+018,1.63093698702224E+018,0.476300567389,-0.88728249073,1.36609244347
1.63093698717469E+018,1.63093698707354E+018,0.476354509592,-0.887013137341,1.3660993576
1.63093698722634E+018,1.63093698717484E+018,0.476398169994,-0.886770784855,1.36609876156
1.63093698727758E+018,1.63093698722644E+018,0.476414382458,-0.886792361736,1.36610519886
1.63093698732881E+018,1.63093698727749E+018,0.47646355629,-0.886890888214,1.36610984802
1.63093698738008E+018,1.63093698732894E+018,0.476560950279,-0.887154042721,1.3661185503
1.63093698743153E+018,1.63093698738018E+018,0.476575285196,-0.887569248676,1.36613488197
1.63093698753242E+018,1.63093698743129E+018,0.476573467255,-0.888093590736,1.36615359783
1.63093698758369E+018,1.63093698753262E+018,0.476627409458,-0.889270603657,1.36616289616
1.63093698763524E+018,1.63093698758384E+018,0.476691007614,-0.890004575253,1.36615264416
1.63093698768592E+018,1.63093698763491E+018,0.476704388857,-0.890843272209,1.36612594128
1.63093698773782E+018,1.63093698768606E+018,0.476716190577,-0.891719996929,1.36611652374
1.63093698779001E+018,1.63093698773806E+018,0.476728886366,-0.892708837986,1.36610329151
1.63093698789221E+018,1.63093698778995E+018,0.47678232193,-0.893734753132,1.36609423161
1.630936987945E+018,1.63093698789235E+018,0.47682467103,-0.895862102509,1.36608850956
1.63093698799658E+018,1.63093698794471E+018,0.476836681366,-0.896991729736,1.36609315872
1.6309369880483E+018,1.63093698799663E+018,0.476857095957,-0.898067295551,1.36609315872
1.63093698810024E+018,1.63093698804851E+018,0.476868838072,-0.899103224277,1.36609637737
1.63093698815284E+018,1.63093698810049E+018,0.476860553026,-0.900027573109,1.36609232426
1.630936988205E+018,1.63093698815314E+018,0.476792365313,-0.900971233845,1.36609899998
1.63093698825625E+018,1.63093698820513E+018,0.476763218641,-0.901737391949,1.36609303951
1.63093698830762E+018,1.63093698825638E+018,0.476744055748,-0.902340054512,1.36609590054
1.63093698835883E+018,1.6309369883077E+018,0.476718127728,-0.902863144875,1.36609601974
1.63093698841015E+018,1.63093698835891E+018,0.476714789867,-0.903229176998,1.36609077454
1.63093698846129E+018,1.6309369884102E+018,0.476714491844,-0.903496623039,1.36608827114
1.63093698851267E+018,1.6309369884615E+018,0.476677060127,-0.903655767441,1.36608755589
