%time,field.header.stamp,field.speed,field.vx,field.vy,field.vz
1.63093694670827E+018,1.63093694665577E+018,0.0187999997288,-0.000209999998333,-0.018789999187,-0.000520000001416
1.63093694675991E+018,1.63093694670787E+018,0.0201999992132,0.000199999994948,-0.0202200002968,-0.000630000024103
1.63093694681176E+018,1.63093694675963E+018,0.0190999992192,2E-05,-0.0190500002354,-0.000369999994291
1.63093694686365E+018,1.63093694681183E+018,0.0187999997288,6E-05,-0.0188299994916,-0.000140000003739
1.63093694691582E+018,1.63093694686378E+018,0.0185000002384,-0.000190000006114,-0.0184899996966,-0.000150000007125
1.63093694696682E+018,1.63093694691555E+018,0.0127999996766,-0.000369999994291,-0.0128399999812,-0.000119999996969
1.630936947018E+018,1.63093694696663E+018,0.00719999987632,0.000260000000708,-0.00714999996126,-0.000140000003739
1.63093694706902E+018,1.63093694701787E+018,0.00219999998808,-0.00149000005331,0.00153999996837,-0.000429999985499
1.63093694712038E+018,1.6309369470691E+018,0.0143999997526,0.000310000003083,0.0144100002944,-0.000520000001416
1.63093694717154E+018,1.63093694712043E+018,0.019999999553,1E-05,0.0199500005692,-0.000419999996666
1.63093694727286E+018,1.63093694717156E+018,0.0208000000566,0.000500000023749,0.0207899995148,-0.000169999999343
1.630936947324E+018,1.63093694727256E+018,0.0187999997288,0,0.0187999997288,0.000520000001416
1.630936947375E+018,1.63093694732382E+018,0.0200999993831,-0.000150000007125,0.0200500003994,0.00034999998752
1.63093694742736E+018,1.63093694737506E+018,0.019999999553,-0.000280000007479,0.0199500005692,0.000330000009853
1.630936947479E+018,1.63093694742708E+018,0.0177999995649,0.000679999997374,0.0177500005811,0.000169999999343
1.63093694753027E+018,1.6309369474792E+018,0.0157999992371,0.000620000006165,0.0157600007951,8E-05
1.63093694758153E+018,1.6309369475304E+018,0.00879999995232,-0.00101999996696,0.00868999958038,-0.000230000005104
1.63093694763255E+018,1.63093694758153E+018,0.00130000000354,0.00126000004821,-9E-05,0.000360000005458
1.63093694768384E+018,1.63093694763266E+018,0.00850000046194,0.00150999997277,-0.00836000032723,0.000239999993937
1.63093694773522E+018,1.63093694768395E+018,0.019200000912,-0.000910000002477,-0.019200000912,0.000639999983832
1.63093694783652E+018,1.63093694773524E+018,0.0197999998927,-0.000730000028852,-0.0197599995881,0.000669999979436
1.63093694788757E+018,1.63093694783638E+018,0.0189999993891,-0.000190000006114,-0.0189999993891,-0.000360000005458
1.63093694793884E+018,1.63093694788758E+018,0.020300000906,0.000669999979436,-0.020320000127,-0.000679999997374
1.63093694798994E+018,1.63093694793883E+018,0.0186000000685,0.0001,-0.0186100006104,-0.000269999989541
1.63093694804115E+018,1.63093694799001E+018,0.0186000000685,0.0001,-0.0185899995267,-0.000250000011874
1.63093694814248E+018,1.63093694804119E+018,0.0189999993891,0.000339999998687,-0.0190399996936,-1E-05
1.63093694819396E+018,1.63093694814245E+018,0.0136000001803,-0.000159999995958,-0.0135500002652,0
1.6309369482452E+018,1.63093694819373E+018,0.0038999998942,-0.000590000010561,-0.00383999990299,-0.000369999994291
1.63093694829726E+018,1.63093694824508E+018,0.00839999970049,-0.00065000000177,0.00841000024229,-0.000460000010207
1.63093694834918E+018,1.63093694829726E+018,0.0200999993831,0.000209999998333,0.0200599990785,-0.000579999992624
1.63093694840119E+018,1.63093694834926E+018,0.0200999993831,0.000620000006165,0.0200699996203,-0.000369999994291
1.63093694845352E+018,1.63093694840131E+018,0.0194000005722,0.000709999992978,0.0194199997932,3E-05
1.63093694850521E+018,1.63093694845326E+018,0.0193000007421,8E-05,0.0192799996585,0.000660000019707
1.63093694855745E+018,1.63093694850533E+018,0.0193000007421,-0.00034999998752,0.0193099994212,0.000609999988228
1.63093694860844E+018,1.63093694855722E+018,0.0197000000626,-0.000250000011874,0.0197199992836,0.000319999991916
1.63093694865992E+018,1.63093694860852E+018,0.018200000748,8E-05,0.0182099994272,0.000269999989541
1.63093694871219E+018,1.6309369486599E+018,0.0189999993891,0.000440000003437,0.0189599990845,-2E-05
1.63093694876432E+018,1.63093694871194E+018,0.017899999395,0.000390000001062,0.0178500004113,7E-05
1.63093694881604E+018,1.63093694876407E+018,0.0104999998584,0.000339999998687,0.010540000163,-9E-05
1.63093694891742E+018,1.63093694881617E+018,0.00240000011399,-0.000140000003739,0.00240000011399,0.000260000000708
1.63093694896881E+018,1.63093694891751E+018,0.0133999995887,0.000380000012228,-0.0133999995887,0.000410000007832
1.63093694902014E+018,1.63093694896866E+018,0.0194000005722,-0.000709999992978,-0.0193700008094,0.000690000015311
1.63093694907205E+018,1.63093694901987E+018,0.0194000005722,-0.000620000006165,-0.0193900000304,-7E-05
1.63093694912396E+018,1.63093694907177E+018,0.0194000005722,-2E-05,-0.0193799994886,-0.000660000019707
1.63093694917587E+018,1.63093694912366E+018,0.0193000007421,0.000390000001062,-0.0193300005049,-0.000429999985499
1.63093694927825E+018,1.63093694917564E+018,0.0195000004023,0.000239999993937,-0.0194799993187,-0.000300000014249
1.63093694933038E+018,1.63093694927823E+018,0.0188999995589,7E-05,-0.018880000338,-0.000180000002729
1.630936949382E+018,1.63093694933005E+018,0.0181000009179,0.000180000002729,-0.0181399993598,-2E-05
1.63093694943418E+018,1.6309369493819E+018,0.0170000009239,-0.000630000024103,-0.0169699992985,-0.000269999989541
1.63093694953603E+018,1.63093694943389E+018,0.01070000045,0.000339999998687,-0.0106300003827,0.000509999983478
1.63093694958693E+018,1.63093694953573E+018,0.00279999990016,-0.00202000001445,0.00187999999616,-0.000369999994291
1.63093694963823E+018,1.630936949587E+018,0.0188999995589,0.00104999996256,0.0188699997962,-0.00065000000177
1.63093694968938E+018,1.63093694963814E+018,0.020300000906,0.000280000007479,0.0202399995178,-0.000669999979436
1.63093694974056E+018,1.63093694968943E+018,0.0196000002325,0.000859999970999,0.0195599999279,-0.000140000003739
1.63093694979178E+018,1.63093694974061E+018,0.0194000005722,-0.000180000002729,0.0193600002676,0.000790000020061
1.63093694984319E+018,1.63093694979178E+018,0.0195000004023,3E-05,0.0194400008768,0.000660000019707
1.6309369498946E+018,1.63093694984299E+018,0.0196000002325,-0.00044999999227,0.0196199994534,0.000220000001718
1.63093694994574E+018,1.63093694989442E+018,0.0186999998987,-0.000119999996969,0.0187299996614,0.000369999994291
1.63093694999683E+018,1.63093694994555E+018,0.0185000002384,0.000809999997728,0.018449999392,0.0001
1.63093695004793E+018,1.63093694999661E+018,0.0186000000685,0.000159999995958,0.0185800008476,-0.000140000003739
1.63093695009909E+018,1.63093695004774E+018,0.0193000007421,0.0001,0.0193000007421,8E-05
1.63093695015007E+018,1.63093695009883E+018,0.0121999997646,0.00089000002481,0.0121600003913,0
1.63093695020094E+018,1.63093695014984E+018,0.00359999993816,0.00115000002552,0.00338999996893,0
1.63093695025223E+018,1.63093695020101E+018,0.00600000005215,0.00208000000566,-0.00565999979153,0.000220000001718
1.63093695030362E+018,1.63093695025229E+018,0.0163000002503,-0.000920000020415,-0.016249999404,0.000769999984186
1.63093695035518E+018,1.63093695030339E+018,0.019999999553,-0.000419999996666,-0.0199599992484,0.000460000010207
1.63093695040611E+018,1.63093695035491E+018,0.0201999992132,-0.00121999997646,-0.0201099999249,0.000190000006114
1.6309369504576E+018,1.63093695040615E+018,0.0176999997348,-0.000280000007479,-0.0177299994975,-0.000330000009853
1.63093695055859E+018,1.6309369504574E+018,0.0209999997169,-7E-05,-0.0210200008005,-0.000590000010561
1.63093695061011E+018,1.63093695055867E+018,0.0189999993891,0.0001,-0.0189500004053,-0.000369999994291
1.63093695066086E+018,1.63093695060972E+018,0.0187999997288,-7E-05,-0.0188100002706,-0.000250000011874
1.63093695071231E+018,1.63093695066093E+018,0.019200000912,-2E-05,-0.0191500000656,0.000130000000354
1.63093695076358E+018,1.63093695071216E+018,0.018200000748,-0.000509999983478,-0.0181799996644,0
1.63093695081469E+018,1.63093695076336E+018,0.0185000002384,-0.000780000002123,-0.0185100007802,7E-05
1.63093695086563E+018,1.63093695081447E+018,0.0100999996066,0.000469999999041,-0.0101199997589,-4E-05
1.63093695091707E+018,1.63093695086567E+018,0.00449999980628,-0.000180000002729,-0.00449999980628,-0.000209999998333
1.63093695096823E+018,1.63093695091687E+018,0.00520000001416,-0.00116999994498,0.00500999996439,-0.000269999989541
1.63093695101926E+018,1.63093695096796E+018,0.0161000005901,0.000220000001718,0.0161199998111,-0.000440000003437
1.63093695107063E+018,1.63093695101911E+018,0.0198999997228,0.000920000020415,0.0198800005019,-0.000699999975041
1.63093695112297E+018,1.6309369510706E+018,0.0205000005662,0,0.0204900000244,-0.000190000006114
1.63093695117419E+018,1.63093695112299E+018,0.0188999995589,0.0012300000526,0.0188599992543,0.000180000002729
1.63093695122545E+018,1.63093695117409E+018,0.0194000005722,-0.000699999975041,0.019339999184,0.000829999975394
1.63093695127663E+018,1.63093695122549E+018,0.0200999993831,-0.000669999979436,0.0200599990785,0.000460000010207
1.63093695132803E+018,1.63093695127667E+018,0.0185000002384,1E-05,0.0184700004756,0.000280000007479
1.63093695137932E+018,1.63093695132802E+018,0.0186999998987,0.000399999989895,0.0187299996614,0.000239999993937
1.63093695143021E+018,1.63093695137909E+018,0.0195000004023,0.000520000001416,0.0194400008768,-0.000209999998333
1.63093695148171E+018,1.63093695143038E+018,0.0186000000685,-0.000360000005458,0.018559999764,0.000230000005104
1.63093695153286E+018,1.63093695148174E+018,0.0187999997288,0.000360000005458,0.018789999187,-0.000169999999343
1.63093695158409E+018,1.63093695153297E+018,0.0115999998525,0.000739999988582,0.0115999998525,0.000220000001718
1.63093695163537E+018,1.63093695158414E+018,0.00279999990016,-0.000440000003437,0.0027499999851,-0.000169999999343
1.63093695168692E+018,1.63093695163534E+018,0.00570000009611,0.00147999997716,-0.00548999989405,0.000319999991916
1.63093695178825E+018,1.63093695168696E+018,0.0153000000864,-0.000839999993332,-0.0153099996969,0.000720000010915
1.63093695183938E+018,1.63093695178825E+018,0.0198999997228,-0.000419999996666,-0.0198800005019,0.000360000005458
1.63093695189067E+018,1.63093695183942E+018,0.0187999997288,-0.000339999998687,-0.018789999187,-0.000369999994291
1.63093695194214E+018,1.63093695189073E+018,0.0193000007421,0.000469999999041,-0.0192900002003,-0.000769999984186
1.63093695199335E+018,1.63093695194193E+018,0.019999999553,0.000569999974687,-0.0200200006366,-0.000390000001062
1.63093695204448E+018,1.63093695199332E+018,0.0181000009179,-7E-05,-0.0181099995971,-0.000220000001718
1.63093695214621E+018,1.63093695204453E+018,0.019200000912,0.000140000003739,-0.0191600006074,-5E-05
1.63093695219762E+018,1.63093695214622E+018,0.0186000000685,6E-05,-0.0186299998313,-5E-05
1.63093695224868E+018,1.63093695219745E+018,0.0186999998987,-3E-05,-0.0186599995941,-7E-05
1.63093695230015E+018,1.63093695224872E+018,0.0166999995708,-0.00112999998964,-0.0166699998081,7E-05
1.63093695235112E+018,1.63093695229997E+018,0.00920000020415,0.000739999988582,-0.00911999959499,4E-05
1.63093695240232E+018,1.63093695235117E+018,0.00329999998212,-0.00252999993972,-0.00209999992512,-0.000190000006114
1.63093695245379E+018,1.63093695240239E+018,0.00850000046194,-0.000739999988582,0.00841999985278,-0.000579999992624
1.63093695250497E+018,1.6309369524536E+018,0.0188999995589,0.000679999997374,0.0188900008798,-0.000469999999041
1.63093695260654E+018,1.6309369525048E+018,0.0208000000566,0.000609999988228,0.0208100005984,-0.000509999983478
1.63093695265748E+018,1.63093695260637E+018,0.0193000007421,0.000620000006165,0.0192600004375,0.000269999989541
1.63093695270881E+018,1.6309369526576E+018,0.0193000007421,-0.000330000009853,0.0193300005049,0.000679999997374
1.63093695276028E+018,1.63093695270863E+018,0.020300000906,-0.000390000001062,0.0202500000596,0.000360000005458
1.63093695281184E+018,1.63093695276035E+018,0.0179999992251,0.000660000019707,0.0179600007832,0.000230000005104
1.63093695286309E+018,1.63093695281163E+018,0.0187999997288,0.000360000005458,0.0188299994916,8E-05
1.63093695291433E+018,1.63093695286287E+018,0.0186000000685,0.000339999998687,0.0185700003058,-0.000239999993937
1.63093695296533E+018,1.63093695291413E+018,0.0185000002384,0.000300000014249,0.0185100007802,4E-05
1.63093695301667E+018,1.63093695296541E+018,0.0197999998927,0.000609999988228,0.0197999998927,0.000110000000859
1.63093695306758E+018,1.63093695301644E+018,0.0147000001743,0.000750000006519,0.014630000107,0.000300000014249
1.63093695311886E+018,1.63093695306758E+018,0.00540000014007,-0.00101999996696,0.00531999999657,-0.000199999994948
1.63093695317053E+018,1.63093695311863E+018,0.00249999994412,0.0010000000475,-0.00233000004664,0.000159999995958
1.63093695322189E+018,1.63093695317052E+018,0.0102000003681,0.000630000024103,-0.0102000003681,0.000289999996312
1.63093695327316E+018,1.63093695322169E+018,0.0196000002325,-0.00133999995887,-0.0195599999279,0.000880000006873
1.63093695332441E+018,1.63093695327289E+018,0.0196000002325,-0.000140000003739,-0.0196199994534,0.000280000007479
1.63093695337533E+018,1.63093695332421E+018,0.0194000005722,-0.0010000000475,-0.019339999184,0.0001
1.63093695342678E+018,1.63093695337534E+018,0.0186999998987,0.000119999996969,-0.0186700001359,-0.000600000028498
1.63093695347794E+018,1.63093695342655E+018,0.0194000005722,0.000419999996666,-0.0194000005722,-0.000639999983832
1.63093695352897E+018,1.63093695347776E+018,0.0196000002325,9E-05,-0.0196100007743,-0.000490000005811
1.63093695358133E+018,1.63093695352903E+018,0.0190999992192,-0.0001,-0.0191500000656,-0.0001
1.63093695363331E+018,1.63093695358112E+018,0.017899999395,0,-0.0179299991578,5E-05
1.63093695368545E+018,1.63093695363308E+018,0.0196000002325,3E-05,-0.0196000002325,-0.00034999998752
1.63093695373703E+018,1.63093695368514E+018,0.0186000000685,-0.000469999999041,-0.0185899995267,0.000209999998333
1.63093695383903E+018,1.63093695373709E+018,0.0183000005782,-0.0001,-0.0183400008827,1E-05
1.63093695389126E+018,1.63093695383911E+018,0.0125000001863,0.000190000006114,-0.0125399995595,0.000119999996969
1.63093695394341E+018,1.63093695389103E+018,0.00139999995008,-0.000690000015311,-0.00115000002552,-0.000310000003083
1.63093695399499E+018,1.63093695394311E+018,0.0077999997884,-0.00127999996766,0.00766000011936,-0.000530000019353
1.63093695409735E+018,1.63093695399513E+018,0.0181000009179,0.000910000002477,0.0180200003088,-0.000490000005811
1.6309369541993E+018,1.63093695409711E+018,0.0205000005662,0.000569999974687,0.0204700008035,-0.000250000011874
1.63093695425121E+018,1.63093695419906E+018,0.0189999993891,0.000159999995958,0.0189500004053,0.000479999987874
1.63093695430349E+018,1.63093695425087E+018,0.0200999993831,-0.000300000014249,0.0200800001621,0.000429999985499
1.63093695435545E+018,1.63093695430323E+018,0.0176999997348,-7E-05,0.0177500005811,0.000220000001718
1.63093695440738E+018,1.63093695435521E+018,0.019200000912,0.000469999999041,0.0192200001329,0.000159999995958
1.63093695451005E+018,1.63093695440716E+018,0.0189999993891,0.000180000002729,0.0189900007099,-0.000150000007125
1.63093695456144E+018,1.63093695450911E+018,0.0189999993891,0.000310000003083,0.0190099999309,0.0001
1.63093695461345E+018,1.63093695456118E+018,0.0170000009239,0.000539999979082,0.0170300006866,-7E-05
1.63093695466518E+018,1.63093695461318E+018,0.01070000045,-9E-05,0.0107300002128,0
1.63093695476711E+018,1.63093695466513E+018,0.00089999998454,-0.000209999998333,0.000910000002477,0.000150000007125
1.63093695481907E+018,1.63093695476694E+018,0.0131000000983,9E-05,-0.0130399996415,0.000530000019353
1.63093695487118E+018,1.63093695481877E+018,0.0195000004023,-0.000560000014957,-0.0194700006396,0.000560000014957
1.63093695492223E+018,1.63093695487086E+018,0.0206000003964,-0.000469999999041,-0.0205700006336,-0.000190000006114
1.63093695497331E+018,1.63093695492204E+018,0.017899999395,-0.000390000001062,-0.0179099999368,-0.000569999974687
1.63093695502429E+018,1.6309369549731E+018,0.0205000005662,3E-05,-0.0205199997872,-0.000509999983478
1.63093695507558E+018,1.63093695502414E+018,0.0186999998987,-7E-05,-0.0187199991196,-0.000300000014249
1.63093695512677E+018,1.63093695507538E+018,0.018200000748,0.000260000000708,-0.018219999969,-0.000260000000708
1.63093695517768E+018,1.63093695512656E+018,0.0195000004023,-0.000479999987874,-0.0194899998605,2E-05
1.63093695522913E+018,1.63093695517777E+018,0.0186999998987,-0.000310000003083,-0.0187400002033,3E-05
1.63093695533019E+018,1.63093695522893E+018,0.0193000007421,-1E-05,-0.0192600004375,-9E-05
1.63093695538134E+018,1.63093695532997E+018,0.0185000002384,-0.000440000003437,-0.0184799991548,0.0001
1.63093695543259E+018,1.63093695538126E+018,0.0153000000864,-0.00054999999702,-0.0152399996296,-0.000419999996666
1.630936955484E+018,1.63093695543255E+018,0.00730000017211,0.000760000024457,-0.00723000010476,0.000199999994948
1.63093695553511E+018,1.63093695548378E+018,0.00139999995008,-0.000969999993686,0.0010300000431,-0.000289999996312
1.63093695558635E+018,1.63093695553501E+018,0.0109000001103,-0.000140000003739,0.010879999958,-0.000630000024103
1.63093695563739E+018,1.63093695558613E+018,0.020300000906,0.000319999991916,0.020320000127,-0.000300000014249
1.63093695568871E+018,1.63093695563743E+018,0.0204000007361,0.000319999991916,0.0204300004989,-0.000399999989895
1.6309369557398E+018,1.63093695568857E+018,0.0193000007421,0.00112999998964,0.0192399993539,-0.000119999996969
1.63093695584138E+018,1.63093695573986E+018,0.0188999995589,-0.000209999998333,0.0188999995589,0.000709999992978
1.63093695589287E+018,1.63093695584143E+018,0.019200000912,-0.000220000001718,0.0191900003701,0.000440000003437
1.63093695594406E+018,1.63093695589271E+018,0.0189999993891,-8E-05,0.0189999993891,0.000269999989541
1.63093695599519E+018,1.63093695594387E+018,0.0177999995649,0.00044999999227,0.0178399998695,7E-05
1.6309369560467E+018,1.63093695599533E+018,0.0197999998927,0.000220000001718,0.0197599995881,-0.0001
1.63093695609775E+018,1.63093695604651E+018,0.0179999992251,-8E-05,0.0180099997669,-4E-05
1.63093695614897E+018,1.63093695609781E+018,0.0189999993891,0.000579999992624,0.0190099999309,6E-05
1.63093695625133E+018,1.6309369561491E+018,0.0193000007421,0.000199999994948,0.0193300005049,-5E-05
1.6309369563032E+018,1.63093695625105E+018,0.00749999983236,0.000460000010207,0.00743999984115,2E-05
1.63093695635473E+018,1.63093695630296E+018,0.00579999992624,0.00222999998368,-0.00530999992043,0.00034999998752
1.63093695640706E+018,1.63093695635482E+018,0.0131999999285,-0.00044999999227,-0.0131999999285,0.000639999983832
1.63093695645867E+018,1.63093695640679E+018,0.021099999547,-4E-05,-0.0210500005633,0.000490000005811
1.63093695650991E+018,1.63093695645872E+018,0.019200000912,-0.00153999996837,-0.0191399995238,0.00044999999227
1.63093695656125E+018,1.63093695650992E+018,0.0193000007421,-0.000239999993937,-0.0192699991167,-0.000520000001416
1.63093695666293E+018,1.63093695656129E+018,0.0193000007421,-2E-05,-0.0192799996585,-0.000460000010207
1.63093695671393E+018,1.63093695666271E+018,0.0190999992192,0.000339999998687,-0.0190699994564,-0.000460000010207
1.63093695676513E+018,1.63093695671394E+018,0.0184000004083,-0.000399999989895,-0.0184300001711,-7E-05
1.63093695681629E+018,1.63093695676518E+018,0.0194000005722,0.000369999994291,-0.0194199997932,-5E-05
1.63093695686764E+018,1.63093695681641E+018,0.018200000748,-0.000269999989541,-0.0181799996644,-1E-05
1.63093695691899E+018,1.63093695686768E+018,0.0190999992192,-0.00034999998752,-0.0190999992192,-4E-05
1.63093695702021E+018,1.63093695691881E+018,0.017899999395,-0.000500000023749,-0.0178900007159,0.0001
1.63093695707113E+018,1.63093695701999E+018,0.0163000002503,-0.000399999989895,-0.0163100007921,-2E-05
1.63093695712253E+018,1.63093695707117E+018,0.00460000010207,0.001200000057,-0.00443000020459,-3E-05
1.63093695717383E+018,1.63093695712233E+018,0.00370000000112,-0.00138000003062,0.00335999997333,-0.000369999994291
1.63093695722473E+018,1.6309369571736E+018,0.0126999998465,0.000280000007479,0.0127100003883,-0.000569999974687
1.63093695727618E+018,1.63093695722478E+018,0.0204000007361,0.000230000005104,0.0204199999571,-0.000500000023749
1.63093695732736E+018,1.63093695727599E+018,0.0209999997169,0.00054999999702,0.0209899991751,-0.000360000005458
1.63093695737843E+018,1.6309369573272E+018,0.0186999998987,0.000569999974687,0.0186500009149,0.000260000000708
1.63093695742968E+018,1.63093695737848E+018,0.0186000000685,-0.000239999993937,0.0185700003058,0.000509999983478
1.63093695748079E+018,1.63093695742974E+018,0.0189999993891,-0.000419999996666,0.0190200004727,0.000520000001416
1.63093695753208E+018,1.63093695748085E+018,0.020300000906,-0.000209999998333,0.0202500000596,0.000360000005458
1.63093695758335E+018,1.63093695753211E+018,0.017899999395,3E-05,0.0178900007159,0.000159999995958
1.63093695763466E+018,1.63093695758327E+018,0.0184000004083,8E-05,0.0183700006455,0.000140000003739
1.6309369576863E+018,1.63093695763455E+018,0.0193000007421,-0.000250000011874,0.0193099994212,4E-05
1.63093695773747E+018,1.63093695768628E+018,0.0190999992192,0.000260000000708,0.0191300008446,-0.000110000000859
1.63093695778869E+018,1.63093695773752E+018,0.0179999992251,0.000239999993937,0.0179699994624,3E-05
1.63093695784001E+018,1.63093695778875E+018,0.019200000912,0,0.019200000912,-4E-05
1.6309369578912E+018,1.63093695784005E+018,0.0137999998406,0.000760000024457,0.0138100003824,0.000319999991916
1.63093695794268E+018,1.63093695789129E+018,0.00310000008903,0.000289999996312,0.00309000001289,-0.000280000007479
1.63093695799381E+018,1.63093695794248E+018,0.00659999996424,0.00224000005983,-0.0062199998647,0.000479999987874
1.63093695804505E+018,1.63093695799362E+018,0.0137000000104,-0.000639999983832,-0.0136599997059,0.000490000005811
1.63093695809588E+018,1.63093695804476E+018,0.0206000003964,-0.000509999983478,-0.02054999955,0.000620000006165
1.63093695819753E+018,1.63093695809594E+018,0.0186000000685,-0.00110999995377,-0.0186100006104,0.000429999985499
1.63093695824881E+018,1.63093695819772E+018,0.0194000005722,-0.000159999995958,-0.0193799994886,-0.000620000006165
1.63093695830052E+018,1.63093695824891E+018,0.0200999993831,0.000260000000708,-0.0200500003994,-0.00044999999227
1.63093695835154E+018,1.63093695830035E+018,0.0175999999046,3E-05,-0.017650000751,-0.000140000003739
1.63093695840293E+018,1.63093695835161E+018,0.019999999553,-0.000190000006114,-0.0200299993157,-0.000300000014249
1.63093695845514E+018,1.63093695840295E+018,0.0185000002384,-4E-05,-0.0184899996966,-4E-05
1.63093695850625E+018,1.63093695845491E+018,0.0186999998987,-0.000310000003083,-0.0187500007451,0.000159999995958
1.63093695855754E+018,1.63093695850603E+018,0.0187999997288,-0.000330000009853,-0.0188100002706,-0.000300000014249
1.63093695860859E+018,1.63093695855736E+018,0.0194000005722,-0.000500000023749,-0.0194000005722,0.000140000003739
1.63093695865989E+018,1.63093695860857E+018,0.0177999995649,-0.000169999999343,-0.0178399998695,5E-05
1.63093695871127E+018,1.63093695865991E+018,0.0148000000045,-0.000790000020061,-0.014790000394,-0.000300000014249
1.63093695876284E+018,1.63093695871162E+018,0.00730000017211,0.00130000000354,-0.00719999987632,0.000209999998333
1.63093695881436E+018,1.63093695876288E+018,0.00139999995008,-0.00106000003871,0.000980000011623,-0.000140000003739
1.63093695886541E+018,1.63093695881419E+018,0.00980000011623,-0.000660000019707,0.00975000020117,-0.00044999999227
1.63093695891694E+018,1.63093695886551E+018,0.0190999992192,0.000630000024103,0.019109999761,-0.000579999992624
1.63093695896811E+018,1.63093695891678E+018,0.021099999547,0.000760000024457,0.021080000326,-0.000500000023749
1.63093695901931E+018,1.63093695896812E+018,0.0186000000685,0.000399999989895,0.0185700003058,-8E-05
1.63093695907067E+018,1.63093695901935E+018,0.0194000005722,0.000339999998687,0.0194199997932,0.000769999984186
1.63093695912157E+018,1.63093695907041E+018,0.0186999998987,-0.000380000012228,0.0186599995941,0.000399999989895
1.63093695917286E+018,1.63093695912161E+018,0.0198999997228,-0.000419999996666,0.0198800005019,0.000319999991916
1.63093695922517E+018,1.63093695917304E+018,0.0185000002384,3E-05,0.0184599999338,0.000410000007832
1.63093695927727E+018,1.63093695922513E+018,0.0184000004083,-6E-05,0.0184300001711,0.000119999996969
1.6309369593288E+018,1.63093695927727E+018,0.019200000912,0.000530000019353,0.0191799998283,-0.000220000001718
1.63093695938005E+018,1.63093695932865E+018,0.018200000748,-0.000269999989541,0.01823999919,0.000199999994948
1.630936959431E+018,1.6309369593798E+018,0.0194000005722,0.000419999996666,0.0193900000304,-6E-05
1.63093695948243E+018,1.63093695943102E+018,0.0179999992251,0.000269999989541,0.0179999992251,-0.000140000003739
1.6309369595335E+018,1.63093695948222E+018,0.0186000000685,0.000560000014957,0.0186000000685,3E-05
1.63093695958487E+018,1.63093695953353E+018,0.00850000046194,3E-05,0.0085199996829,0.000159999995958
1.63093695968583E+018,1.63093695958468E+018,0.0010000000475,0.00089999998454,0.000390000001062,-6E-05
1.63093695973703E+018,1.63093695968584E+018,0.0130000002682,0.000399999989895,-0.0130099998787,0.000560000014957
1.63093695978832E+018,1.6309369597371E+018,0.0201999992132,-0.000390000001062,-0.0202300008386,0.000520000001416
1.63093695983976E+018,1.63093695978834E+018,0.0193000007421,-0.00126000004821,-0.0192200001329,0.000110000000859
1.63093695989106E+018,1.63093695983955E+018,0.0186000000685,-0.000720000010915,-0.0186299998313,-0.000509999983478
1.63093695994224E+018,1.63093695989109E+018,0.019999999553,0.000600000028498,-0.0199599992484,-0.000500000023749
1.63093695999346E+018,1.63093695994211E+018,0.0195000004023,-0.0001,-0.0195199996233,-0.000530000019353
1.63093696004468E+018,1.63093695999347E+018,0.0184000004083,-0.000209999998333,-0.0183799993247,-7E-05
1.63093696009601E+018,1.63093696004486E+018,0.0188999995589,-3E-05,-0.0189100001007,-0.000140000003739
1.63093696014729E+018,1.63093696009606E+018,0.0185000002384,-0.000119999996969,-0.0184899996966,-2E-05
1.6309369601986E+018,1.63093696014735E+018,0.0188999995589,-0.000159999995958,-0.0188500005752,-0.000110000000859
1.63093696024983E+018,1.63093696019865E+018,0.0187999997288,-0.000250000011874,-0.0187599994242,2E-05
1.63093696030129E+018,1.63093696024971E+018,0.0196000002325,-0.000639999983832,-0.0195700004697,0.0001
1.63093696035271E+018,1.63093696030144E+018,0.0186000000685,-0.000399999989895,-0.0185899995267,-0.000110000000859
1.63093696040393E+018,1.63093696035273E+018,0.0138999996707,-0.000920000020415,-0.0138800004497,-2E-05
1.63093696045539E+018,1.63093696040401E+018,0.00639999983832,0.00149000005331,-0.00622999994084,-0.000130000000354
1.63093696050655E+018,1.63093696045526E+018,0.00270000007004,-0.00147999997716,0.00225999997929,-0.000119999996969
1.63093696055828E+018,1.63093696050648E+018,0.0127999996766,0.000360000005458,0.0127600003034,-0.000460000010207
1.63093696060925E+018,1.63093696055805E+018,0.0190999992192,0.000440000003437,0.0190699994564,-0.00065000000177
1.63093696066067E+018,1.63093696060919E+018,0.0214000009,0.000230000005104,0.0213799998164,-0.000310000003083
1.63093696071173E+018,1.63093696066042E+018,0.0184000004083,0.000850000011269,0.0183600001037,0.000190000006114
1.63093696076328E+018,1.63093696071176E+018,0.0185000002384,0.000520000001416,0.0185300000012,0.000360000005458
1.63093696081421E+018,1.63093696076303E+018,0.0204000007361,-0.000709999992978,0.0204199999571,0.000780000002123
1.63093696086573E+018,1.63093696081427E+018,0.0187999997288,-0.000110000000859,0.0187999997288,0.000150000007125
1.63093696091664E+018,1.63093696086551E+018,0.0190999992192,-5E-05,0.01909000054,0.000440000003437
1.63093696096821E+018,1.63093696091676E+018,0.0183000005782,0.000469999999041,0.0183300003409,-0.0001
1.63093696101915E+018,1.63093696096802E+018,0.019200000912,0.000110000000859,0.019200000912,6E-05
1.6309369610707E+018,1.63093696101923E+018,0.0183000005782,-4E-05,0.0183300003409,-6E-05
1.63093696112179E+018,1.63093696107047E+018,0.0190999992192,0.000419999996666,0.01909000054,3E-05
1.63093696117302E+018,1.63093696112183E+018,0.0184000004083,0.000250000011874,0.0184400007129,7E-05
1.63093696122419E+018,1.63093696117308E+018,0.0175000000745,0.000410000007832,0.0175199992955,-0.000130000000354
1.63093696132577E+018,1.63093696122433E+018,0.00920000020415,0,0.00920000020415,0.000169999999343
1.63093696137701E+018,1.63093696132556E+018,0.00460000010207,0.000730000028852,-0.00453000003472,0.000159999995958
1.63093696142838E+018,1.6309369613768E+018,0.0166999995708,-0.00190000003204,-0.0165400002152,0.000679999997374
1.63093696147955E+018,1.63093696142819E+018,0.0215000007302,0,-0.0214499998838,0.000419999996666
1.63093696153076E+018,1.6309369614793E+018,0.0187999997288,-0.000839999993332,-0.0187800005078,0.000150000007125
1.63093696158176E+018,1.63093696153043E+018,0.019200000912,-1E-05,-0.019200000912,-0.000440000003437
1.63093696163282E+018,1.63093696158154E+018,0.019200000912,0.000530000019353,-0.0191399995238,-0.000660000019707
1.63093696168429E+018,1.63093696163262E+018,0.0196000002325,0.00054999999702,-0.0195400007069,-0.000380000012228
1.63093696173641E+018,1.63093696168399E+018,0.0174000002444,0.000300000014249,-0.0174300000072,-0.000280000007479
1.630936961788E+018,1.63093696173606E+018,0.0186000000685,-2E-05,-0.0185700003058,0.000119999996969
1.63093696184021E+018,1.63093696178801E+018,0.019999999553,0.000169999999343,-0.019980000332,-0.000169999999343
1.63093696189206E+018,1.63093696183992E+018,0.018200000748,-0.000380000012228,-0.0182300005108,3E-05
1.63093696194413E+018,1.63093696189179E+018,0.0193000007421,8E-05,-0.0192799996585,0
1.6309369619959E+018,1.63093696194376E+018,0.0186000000685,-0.000180000002729,-0.0186400003731,-3E-05
1.63093696204821E+018,1.63093696199586E+018,0.0183000005782,-2E-05,-0.0183099992573,-1E-05
1.63093696210013E+018,1.63093696204787E+018,0.0143999997526,-0.000820000015665,-0.0143499998376,-8E-05
1.63093696215175E+018,1.63093696209988E+018,0.00700000021607,0.000500000023749,-0.0070199999027,-7E-05
1.63093696220405E+018,1.63093696215181E+018,0.00279999990016,-0.00211000000127,0.00185999996029,-8E-05
1.63093696225595E+018,1.63093696220374E+018,0.0118000004441,-0.000590000010561,0.0118100000545,-0.000410000007832
1.63093696230786E+018,1.63093696225564E+018,0.0207000002265,0.000530000019353,0.0207100007683,-0.000410000007832
1.63093696235939E+018,1.63093696230753E+018,0.020300000906,0.000620000006165,0.020320000127,-0.00054999999702
1.6309369624115E+018,1.63093696235952E+018,0.0186999998987,0.000760000024457,0.0186400003731,-4E-05
1.6309369624634E+018,1.63093696241154E+018,0.019200000912,0.000560000014957,0.0191699992865,0.000620000006165
1.63093696251555E+018,1.63093696246352E+018,0.0196000002325,-0.000380000012228,0.0196000002325,0.000490000005811
1.6309369625676E+018,1.6309369625155E+018,0.0193000007421,-0.000360000005458,0.0192799996585,0.000520000001416
1.63093696261956E+018,1.6309369625673E+018,0.017899999395,0.000300000014249,0.0179200004786,-0.000130000000354
1.63093696267152E+018,1.6309369626193E+018,0.0187999997288,0.000180000002729,0.0187800005078,0.000199999994948
1.63093696272308E+018,1.63093696267122E+018,0.019200000912,0.000140000003739,0.0192300006747,0
1.63093696277535E+018,1.63093696272308E+018,0.0177999995649,0,0.0178500004113,0.000130000000354
1.63093696282715E+018,1.63093696277502E+018,0.0197000000626,0.000569999974687,0.0196899995208,-0.000150000007125
1.63093696287918E+018,1.63093696282703E+018,0.0184000004083,0.000220000001718,0.0184000004083,8E-05
1.63093696293147E+018,1.63093696287916E+018,0.0181000009179,0.00065000000177,0.0180600006133,4E-05
1.63093696298312E+018,1.63093696293119E+018,0.00829999987036,-4E-05,0.00831000041217,0.000119999996969
1.6309369630352E+018,1.63093696298324E+018,0.000600000028498,0.000639999983832,8E-05,3E-05
1.63093696308638E+018,1.63093696303511E+018,0.00810000021011,0.00230000005104,-0.00775999994949,0.000360000005458
1.63093696313759E+018,1.63093696308644E+018,0.01600000076,-0.00113999994937,-0.0159900002182,0.000569999974687
1.63093696318898E+018,1.6309369631376E+018,0.0217000003904,-0.000390000001062,-0.0217000003904,0.000530000019353
1.63093696324001E+018,1.63093696318876E+018,0.0186999998987,-0.000760000024457,-0.0186400003731,0.000150000007125
1.6309369633419E+018,1.63093696323985E+018,0.0188999995589,-0.000469999999041,-0.0188699997962,-0.00044999999227
1.63093696339309E+018,1.63093696334174E+018,0.0195000004023,0.000199999994948,-0.0194700006396,-0.000490000005811
1.63093696344452E+018,1.63093696339299E+018,0.0193000007421,-9E-05,-0.0192900002003,-0.000419999996666
1.63093696349561E+018,1.63093696344439E+018,0.0181000009179,-0.000260000000708,-0.0180799998343,0.000130000000354
1.63093696354714E+018,1.63093696349566E+018,0.0197000000626,0.000399999989895,-0.0196499992162,-0.000190000006114
1.63093696359818E+018,1.63093696354695E+018,0.017899999395,-0.000569999974687,-0.0178699996322,0
1.63093696369954E+018,1.63093696359817E+018,0.0196000002325,0.0001,-0.0196199994534,-8E-05
1.63093696375074E+018,1.63093696369937E+018,0.0185000002384,-0.000390000001062,-0.0185000002384,0.0001
1.63093696380181E+018,1.63093696375055E+018,0.0166999995708,-0.000639999983832,-0.0166400000453,-0.000190000006114
1.63093696385294E+018,1.63093696380161E+018,0.00949999969453,0.0001,-0.00953000038862,8E-05
1.63093696390397E+018,1.63093696385275E+018,0.00179999996908,-0.00170000002254,-0.000679999997374,-0.000110000000859
1.63093696395616E+018,1.63093696390403E+018,0.00899999961257,-0.001719999942,0.00884999986738,-0.000509999983478
1.63093696400768E+018,1.63093696395594E+018,0.0176999997348,0.00138999999035,0.0175899993628,-0.000620000006165
1.63093696405874E+018,1.63093696400743E+018,0.0215000007302,0.000319999991916,0.0215000007302,-0.000419999996666
1.63093696411105E+018,1.63093696405872E+018,0.0188999995589,0.000959999975748,0.0188999995589,-0.000269999989541
1.63093696416237E+018,1.6309369641111E+018,0.0194000005722,0.00065000000177,0.0193799994886,0.000509999983478
1.63093696421432E+018,1.63093696416243E+018,0.0195000004023,-0.000369999994291,0.0194499995559,0.000809999997728
1.63093696426539E+018,1.63093696421407E+018,0.0186999998987,-0.000419999996666,0.0186800006777,0.000440000003437
1.63093696431667E+018,1.63093696426539E+018,0.0189999993891,-5E-05,0.0189599990845,6E-05
1.63093696436827E+018,1.63093696431665E+018,0.0193000007421,0.000399999989895,0.0192900002003,0.000319999991916
1.63093696447016E+018,1.63093696436837E+018,0.0184000004083,0.000569999974687,0.0183400008827,-0.000220000001718
1.63093696452137E+018,1.63093696447022E+018,0.0187999997288,0.000239999993937,0.0188299994916,5E-05
1.63093696457283E+018,1.63093696452145E+018,0.0186000000685,0.000209999998333,0.0186299998313,0
1.63093696462384E+018,1.63093696457267E+018,0.0196000002325,0.0001,0.0195700004697,0.000119999996969
1.63093696467517E+018,1.63093696462374E+018,0.0138999996707,0.000989999971353,0.0138999996707,0.000110000000859
1.63093696472632E+018,1.63093696467496E+018,0.00350000010803,-0.000239999993937,0.00350000010803,-2E-05
1.63093696482753E+018,1.63093696472613E+018,0.00579999992624,0.00261000008322,-0.00522000016645,0.000230000005104
1.63093696487859E+018,1.63093696482735E+018,0.0165999997407,-0.000699999975041,-0.0165299996734,0.000590000010561
1.63093696493001E+018,1.63093696487859E+018,0.0193000007421,-0.000709999992978,-0.0192799996585,0.000250000011874
1.63093696498101E+018,1.63093696492981E+018,0.0196000002325,-0.000520000001416,-0.0195700004697,-0.000169999999343
1.6309369650323E+018,1.63093696498108E+018,0.0186000000685,-3E-05,-0.0185700003058,-0.000720000010915
1.63093696508352E+018,1.63093696503231E+018,0.020300000906,0.00044999999227,-0.0202699992806,-0.00044999999227
1.63093696518453E+018,1.63093696508339E+018,0.0193000007421,-0.000150000007125,-0.0192699991167,-0.000380000012228
1.63093696523633E+018,1.63093696518475E+018,0.0186999998987,0,-0.0186800006777,0
1.63093696528756E+018,1.63093696523635E+018,0.0186000000685,-0.000180000002729,-0.0185700003058,-0.000319999991916
1.63093696533886E+018,1.63093696528755E+018,0.0189999993891,-0.000669999979436,-0.0189500004053,0.000209999998333
1.63093696538991E+018,1.63093696533875E+018,0.0186000000685,-0.000150000007125,-0.0186299998313,-8E-05
1.63093696544112E+018,1.63093696538989E+018,0.018200000748,-0.000460000010207,-0.0181900002062,6E-05
1.63093696549239E+018,1.63093696544123E+018,0.0190999992192,-0.000130000000354,-0.0190600007772,-9E-05
1.63093696554398E+018,1.63093696549247E+018,0.0124000003561,-0.000469999999041,-0.0123800002038,-0.000130000000354
1.63093696559488E+018,1.63093696554367E+018,0.0038999998942,0.00136999995448,-0.00365999992937,-5E-05
1.63093696564614E+018,1.63093696559497E+018,0.00570000009611,-0.00200000009499,0.00535999983549,-0.000199999994948
1.63093696569742E+018,1.630936965646E+018,0.0164000000805,0.00101000000723,0.0163800008595,-0.000609999988228
1.63093696574932E+018,1.63093696569752E+018,0.0194000005722,8E-05,0.0193499997258,-0.000520000001416
1.63093696580028E+018,1.63093696574917E+018,0.0207000002265,0.000250000011874,0.0206499993801,0
1.63093696585152E+018,1.6309369658003E+018,0.0189999993891,0.00142999994569,0.0189599990845,-0.000209999998333
1.63093696590346E+018,1.63093696585162E+018,0.0189999993891,-0.000369999994291,0.0189299993217,0.00089000002481
1.63093696595486E+018,1.63093696590356E+018,0.0194000005722,-0.000730000028852,0.019430000335,0.00034999998752
1.63093696605581E+018,1.63093696595464E+018,0.0186999998987,-0.000250000011874,0.0186500009149,0.000440000003437
1.63093696610709E+018,1.63093696605591E+018,0.0185000002384,3E-05,0.0184899996966,5E-05
1.63093696615965E+018,1.63093696610724E+018,0.019200000912,0.000319999991916,0.0191799998283,2E-05
1.63093696621169E+018,1.63093696615933E+018,0.0181000009179,0.000239999993937,0.0181399993598,-0.000140000003739
1.63093696626332E+018,1.63093696621144E+018,0.0195000004023,-0.000280000007479,0.0195099990815,0.000250000011874
1.63093696631545E+018,1.63093696626344E+018,0.017899999395,8E-05,0.0178900007159,-6E-05
1.63093696636775E+018,1.63093696631551E+018,0.0179999992251,0.0010300000431,0.0179800000042,8E-05
1.63093696641977E+018,1.63093696636744E+018,0.00609999988228,-0.000260000000708,0.00606000004336,2E-05
1.63093696647168E+018,1.63093696641947E+018,0.00209999992512,0.00132999999914,-0.00155000004452,0.000230000005104
1.63093696652373E+018,1.63093696647143E+018,0.0097000002861,0.00138000003062,-0.00961000006646,0.000319999991916
1.63093696657542E+018,1.63093696652348E+018,0.0190999992192,-0.00127999996766,-0.0190699994564,0.000590000010561
1.63093696667733E+018,1.63093696657541E+018,0.0197999998927,-0.000790000020061,-0.0197599995881,0.000419999996666
1.63093696672942E+018,1.63093696667749E+018,0.019200000912,-0.000269999989541,-0.0191900003701,-0.000390000001062
1.63093696678181E+018,1.6309369667295E+018,0.0189999993891,-0.000159999995958,-0.0189500004053,-0.000360000005458
1.63093696683378E+018,1.63093696678153E+018,0.0193000007421,0.000380000012228,-0.0192799996585,-0.000339999998687
1.63093696688542E+018,1.63093696683347E+018,0.0183000005782,-0.000180000002729,-0.0182900000364,-0.000220000001718
1.63093696693767E+018,1.63093696688554E+018,0.0197999998927,-0.000190000006114,-0.0198100004345,-8E-05
1.63093696698975E+018,1.63093696693754E+018,0.0185000002384,-4E-05,-0.0184899996966,-7E-05
1.63093696704143E+018,1.63093696698946E+018,0.0187999997288,-0.000190000006114,-0.0187599994242,0
1.63093696709348E+018,1.6309369670415E+018,0.0186000000685,-0.000410000007832,-0.0185899995267,3E-05
1.6309369671957E+018,1.63093696709353E+018,0.0186999998987,-0.000269999989541,-0.0187500007451,1E-05
1.63093696724751E+018,1.63093696719538E+018,0.0164000000805,-0.000490000005811,-0.0164100006223,-0.000130000000354
1.63093696729912E+018,1.63093696724724E+018,0.0046999999322,0.00116999994498,-0.00453000003472,0.000230000005104
1.63093696735139E+018,1.63093696729922E+018,0.00380000006407,-0.00129000004381,0.00356999994256,-0.000419999996666
1.63093696740306E+018,1.63093696735112E+018,0.0153000000864,0.000369999994291,0.0152700003237,-0.000410000007832
1.63093696745534E+018,1.63093696740311E+018,0.0205000005662,0.00034999998752,0.0205000005662,-0.000699999975041
1.63093696755702E+018,1.63093696745502E+018,0.0200999993831,0.000820000015665,0.0201099999249,-0.000220000001718
1.63093696760834E+018,1.63093696755707E+018,0.0187999997288,0.000209999998333,0.0188299994916,0.000399999989895
1.63093696765954E+018,1.63093696760845E+018,0.0200999993831,-0.000620000006165,0.0200999993831,0.000750000006519
1.63093696771109E+018,1.63093696765964E+018,0.0185000002384,-0.000150000007125,0.0184799991548,8E-05
1.63093696776211E+018,1.63093696771092E+018,0.0187999997288,2E-05,0.0188400000334,0.000159999995958
1.63093696781419E+018,1.63093696776225E+018,0.0183000005782,8E-05,0.0183400008827,7E-05
1.63093696786641E+018,1.63093696781423E+018,0.0183000005782,-0.000310000003083,0.0183099992573,0
1.63093696791836E+018,1.63093696786634E+018,0.0190999992192,0.000209999998333,0.019109999761,4E-05
1.63093696797017E+018,1.63093696791816E+018,0.0181000009179,-0.000159999995958,0.0181300006807,8E-05
1.63093696802265E+018,1.63093696797028E+018,0.0187999997288,0.000269999989541,0.0188100002706,0
1.63093696807415E+018,1.63093696802231E+018,0.0175999999046,0.000790000020061,0.0175400003791,6E-05
1.63093696812652E+018,1.63093696807425E+018,0.00579999992624,0.0001,0.00583000015467,0
1.63093696817856E+018,1.63093696812626E+018,0.00159999995958,0.00104000000283,-0.00118999998085,4E-05
1.63093696823019E+018,1.63093696817823E+018,0.00960000045598,0.00118000002112,-0.00951000023633,0.000569999974687
1.63093696828263E+018,1.63093696823027E+018,0.0175000000745,-0.00118999998085,-0.0175000000745,0.000490000005811
1.63093696833434E+018,1.63093696828234E+018,0.021099999547,-0.000250000011874,-0.0210599992424,0.000520000001416
1.63093696843657E+018,1.63093696833434E+018,0.0194000005722,-0.00110999995377,-0.0193799994886,1E-05
1.63093696848837E+018,1.63093696843629E+018,0.0194000005722,0.00044999999227,-0.0194099992514,-0.000699999975041
1.63093696854012E+018,1.63093696848823E+018,0.0179999992251,-0.000429999985499,-0.0180300008506,-1E-05
1.63093696859172E+018,1.63093696854026E+018,0.0196000002325,-3E-05,-0.0195899996907,-0.000419999996666
1.63093696864333E+018,1.63093696859152E+018,0.0181000009179,-0.000140000003739,-0.0181000009179,6E-05
1.6309369686944E+018,1.63093696864312E+018,0.0193000007421,-5E-05,-0.019319999963,-0.000239999993937
1.63093696879582E+018,1.63093696869451E+018,0.0184000004083,-0.000490000005811,-0.0183700006455,0.0001
1.6309369688471E+018,1.63093696879574E+018,0.0186999998987,-0.000250000011874,-0.0187100004405,0
1.63093696889812E+018,1.6309369688469E+018,0.0181000009179,1E-05,-0.0180600006133,6E-05
1.63093696894937E+018,1.63093696889811E+018,0.0143999997526,-0.00135000003502,-0.0143499998376,-6E-05
1.63093696900063E+018,1.63093696894942E+018,0.0054999999702,0.00162999995518,-0.00524999992922,-1E-05
1.63093696905269E+018,1.63093696900077E+018,0.00329999998212,-0.00124000001233,0.00306000001729,-0.000239999993937
1.63093696915473E+018,1.63093696905289E+018,0.0132999997586,0.000369999994291,0.0132699999958,-0.000560000014957
1.63093696920719E+018,1.63093696915486E+018,0.0201999992132,0.000199999994948,0.020209999755,-0.000399999989895
1.63093696925891E+018,1.63093696920689E+018,0.0190999992192,0.00133999995887,0.0189999993891,-0.000119999996969
1.63093696931132E+018,1.63093696925897E+018,0.0184000004083,-0.000339999998687,0.0184300001711,0.000760000024457
1.63093696936327E+018,1.63093696931105E+018,0.019999999553,-0.000410000007832,0.0199500005692,0.00054999999702
1.63093696941518E+018,1.63093696936295E+018,0.0186000000685,-0.00034999998752,0.0185499992222,0.000239999993937
1.63093696946688E+018,1.63093696941487E+018,0.017899999395,3E-05,0.0179299991578,-7E-05
1.63093696951913E+018,1.63093696946697E+018,0.0196000002325,-6E-05,0.0196299999952,0.000500000023749
1.63093696957083E+018,1.63093696951886E+018,0.018200000748,-0.000169999999343,0.018219999969,-9E-05
1.6309369696223E+018,1.63093696957089E+018,0.0193000007421,6E-05,0.0192900002003,-7E-05
1.6309369697241E+018,1.63093696962211E+018,0.017899999395,0.000330000009853,0.017899999395,9E-05
1.63093696977582E+018,1.63093696972386E+018,0.0181000009179,0.000380000012228,0.0181099995971,3E-05
1.63093696982747E+018,1.6309369697756E+018,0.00639999983832,9E-05,0.00638000015169,-3E-05
1.630936969879E+018,1.63093696982725E+018,0.00209999992512,0.00107999995816,-0.001719999942,0.000310000003083
1.63093696993089E+018,1.6309369698792E+018,0.0108000002801,0.00112000002991,-0.0107599999756,0.000269999989541
1.63093696998278E+018,1.63093696993093E+018,0.0181000009179,-0.000869999988936,-0.0180500000715,0.000690000015311
1.63093697003514E+018,1.63093696998255E+018,0.020300000906,-0.000399999989895,-0.0203099995852,0.000339999998687
1.63093697008668E+018,1.63093697003483E+018,0.0186999998987,-0.00107999995816,-0.0187199991196,6E-05
1.63093697013814E+018,1.63093697008641E+018,0.019200000912,-0.000159999995958,-0.0191600006074,-0.000469999999041
1.6309369701901E+018,1.63093697013834E+018,0.0197000000626,0.000690000015311,-0.0197000000626,-0.000859999970999
1.63093697024254E+018,1.63093697019013E+018,0.0189999993891,-4E-05,-0.0189999993891,-0.000250000011874
1.63093697034525E+018,1.63093697024217E+018,0.0183000005782,2E-05,-0.0183499995619,-0.000289999996312
1.63093697039815E+018,1.63093697034505E+018,0.0186000000685,-0.000269999989541,-0.0186199992895,6E-05
1.63093697045006E+018,1.63093697039815E+018,0.0197999998927,-0.000269999989541,-0.019750000909,-0.000150000007125
1.63093697050173E+018,1.63093697045012E+018,0.0184000004083,-0.000150000007125,-0.0184099990875,4E-05
1.63093697055352E+018,1.63093697050187E+018,0.0189999993891,-0.000119999996969,-0.0190500002354,-3E-05
1.63093697065529E+018,1.63093697055366E+018,0.017899999395,-0.000410000007832,-0.0178500004113,-5E-05
1.6309369707075E+018,1.63093697065547E+018,0.00659999996424,0.000319999991916,-0.00663999980316,3E-05
1.6309369707582E+018,1.63093697070714E+018,0.00680000009015,-0.00170999998227,0.00658999988809,-0.000460000010207
1.63093697080943E+018,1.63093697075824E+018,0.016799999401,0.00156000000425,0.0167699996382,-0.000539999979082
1.6309369708607E+018,1.63093697080939E+018,0.019999999553,0.000190000006114,0.0200200006366,-0.000440000003437
1.63093697091175E+018,1.63093697086054E+018,0.0195000004023,0.000330000009853,0.0194899998605,-0.000159999995958
1.63093697101347E+018,1.63093697091176E+018,0.0189999993891,0.00159999995958,0.0189200006425,-0.000209999998333
1.63093697106419E+018,1.63093697101298E+018,0.0196000002325,-0.000469999999041,0.0195300001651,0.000709999992978
1.63093697111572E+018,1.63093697106427E+018,0.0187999997288,-0.000440000003437,0.0188100002706,0.000220000001718
1.63093697116674E+018,1.63093697111551E+018,0.0188999995589,0.000169999999343,0.0189299993217,0.000300000014249
1.63093697121821E+018,1.63093697116681E+018,0.0179999992251,0.000159999995958,0.0179600007832,5E-05
1.63093697126942E+018,1.63093697121798E+018,0.0189999993891,0.000230000005104,0.0189900007099,-0.000169999999343
1.63093697137064E+018,1.63093697126926E+018,0.0197000000626,0,0.0197199992836,0.000250000011874
1.630936971472E+018,1.63093697137047E+018,0.0185000002384,0.000339999998687,0.0185000002384,-3E-05
1.6309369715235E+018,1.63093697147207E+018,0.00860000029206,-1E-05,0.00862000044435,1E-05
1.63093697157498E+018,1.63093697152328E+018,0.00579999992624,0.00161000003573,-0.00560999987647,0.000339999998687
1.63093697162644E+018,1.63093697157476E+018,0.0142999999225,-0.00182000000495,-0.0141399996355,0.000669999979436
1.63093697167774E+018,1.63093697162624E+018,0.0205000005662,-0.000169999999343,-0.0204600002617,0.000380000012228
1.63093697172876E+018,1.63093697167757E+018,0.0190999992192,-0.0012300000526,-0.0190799999982,0.000479999987874
1.63093697183024E+018,1.6309369717288E+018,0.019999999553,9E-05,-0.019980000332,-0.000440000003437
1.63093697188129E+018,1.63093697183006E+018,0.0193000007421,0.000460000010207,-0.0193000007421,-0.000539999979082
1.6309369719327E+018,1.63093697188134E+018,0.0175000000745,0.0001,-0.0174599997699,-0.000440000003437
1.63093697198368E+018,1.63093697193244E+018,0.0197000000626,-0.00034999998752,-0.0197400003672,-0.000119999996969
1.63093697203494E+018,1.63093697198365E+018,0.0177999995649,-0.000289999996312,-0.0178399998695,0.0001
1.63093697208659E+018,1.63093697203475E+018,0.0193000007421,5E-05,-0.0193000007421,2E-05
1.63093697213784E+018,1.63093697208667E+018,0.0185000002384,-0.000239999993937,-0.0184700004756,-9E-05
1.6309369721891E+018,1.63093697213794E+018,0.019200000912,-0.000410000007832,-0.019200000912,-4E-05
1.63093697224046E+018,1.63093697218913E+018,0.0183000005782,-7E-05,-0.0183000005782,6E-05
1.63093697229181E+018,1.63093697224036E+018,0.0159000009298,-0.000829999975394,-0.0158600006253,-5E-05
1.6309369723429E+018,1.63093697229168E+018,0.00689999992028,0.000600000028498,-0.00687999976799,0.000169999999343
1.63093697239478E+018,1.63093697234298E+018,0.0010000000475,0.000150000007125,0.00089999998454,-0.000269999989541
1.63093697244589E+018,1.63093697239455E+018,0.00920000020415,-0.00089000002481,0.00918000005186,-0.000410000007832
1.63093697249699E+018,1.63093697244569E+018,0.0177999995649,0.00118000002112,0.0177599992603,-0.000639999983832
1.63093697254806E+018,1.63093697249677E+018,0.020300000906,0.000369999994291,0.0202399995178,-0.000310000003083
1.63093697259902E+018,1.63093697254784E+018,0.0205000005662,0.00034999998752,0.0204799994826,-3E-05
1.6309369726506E+018,1.63093697259917E+018,0.0181000009179,0.00113999994937,0.0180799998343,-0.000110000000859
1.63093697270161E+018,1.63093697265039E+018,0.0190999992192,-0.000669999979436,0.0190200004727,0.000920000020415
1.63093697275288E+018,1.63093697270164E+018,0.0204000007361,-0.000600000028498,0.0203399993479,0.000410000007832
1.63093697280381E+018,1.63093697275269E+018,0.0175999999046,9E-05,0.0176100004464,0.000159999995958
1.63093697285584E+018,1.63093697280387E+018,0.0193000007421,0.000330000009853,0.0193499997258,0.000130000000354
1.6309369729075E+018,1.63093697285592E+018,0.0175999999046,0.0001,0.0175800006837,-6E-05
1.63093697295911E+018,1.63093697290762E+018,0.0187999997288,1E-05,0.0188299994916,8E-05
1.63093697301031E+018,1.63093697295889E+018,0.0195000004023,0.000190000006114,0.0195400007069,8E-05
1.63093697311143E+018,1.63093697301009E+018,0.0184000004083,0.000180000002729,0.0183799993247,-4E-05
1.6309369732124E+018,1.63093697311123E+018,0.0121999997646,9E-05,0.0122300004587,0.000190000006114
1.63093697326358E+018,1.63093697321243E+018,0.00650000013411,0.000360000005458,-0.00651999982074,3E-05
1.63093697331484E+018,1.63093697326363E+018,0.0170000009239,-0.00158000004012,-0.0169500000775,0.000850000011269
1.630936973366E+018,1.63093697331466E+018,0.0209999997169,0,-0.0209800004959,0.000410000007832
1.63093697346753E+018,1.63093697336604E+018,0.0186000000685,-0.000630000024103,-0.0185499992222,0.000110000000859
1.63093697351852E+018,1.63093697346733E+018,0.0195000004023,0.000269999989541,-0.0195400007069,-0.00054999999702
1.63093697357086E+018,1.63093697351868E+018,0.0177999995649,0.000419999996666,-0.0177900008857,-0.000380000012228
1.63093697362287E+018,1.63093697357057E+018,0.0195000004023,-0.000339999998687,-0.0195000004023,-0.000330000009853
1.63093697367452E+018,1.63093697362256E+018,0.018200000748,-0.000159999995958,-0.0181699991226,0.000110000000859
1.63093697372655E+018,1.63093697367457E+018,0.0194000005722,0.000130000000354,-0.0193799994886,-0.000300000014249
1.63093697382774E+018,1.63093697372654E+018,0.0184000004083,-0.000140000003739,-0.0183799993247,1E-05
1.63093697387908E+018,1.63093697382781E+018,0.0187999997288,-8E-05,-0.018769999966,4E-05
1.63093697393021E+018,1.63093697387907E+018,0.0163000002503,-0.00116999994498,-0.0162599999458,1E-05
1.63093697398144E+018,1.63093697393026E+018,0.00829999987036,0.00065000000177,-0.00829000025988,6E-05
1.63093697403275E+018,1.63093697398149E+018,0.000500000023749,0.000440000003437,0.000130000000354,-0.000199999994948
1.630936974084E+018,1.63093697403265E+018,0.0093999998644,-0.00116999994498,0.00927999988198,-0.000319999991916
1.63093697413494E+018,1.63093697408383E+018,0.018200000748,0.00109000003431,0.0182099994272,-0.000399999989895
1.6309369741864E+018,1.63093697413502E+018,0.0195000004023,0.000429999985499,0.0194799993187,-0.000600000028498
1.63093697423747E+018,1.63093697418607E+018,0.0208999998868,0.000390000001062,0.0208999998868,-8E-05
1.6309369742884E+018,1.63093697423727E+018,0.0175000000745,0.000750000006519,0.0174899995327,0.000110000000859
1.63093697433984E+018,1.63093697428847E+018,0.0200999993831,-0.000509999983478,0.0200299993157,0.000829999975394
1.63093697439113E+018,1.63093697433965E+018,0.019200000912,-0.000230000005104,0.0191600006074,0.000250000011874
1.63093697444246E+018,1.63093697439091E+018,0.0175999999046,-0.000360000005458,0.0176199991256,0.000209999998333
1.6309369744936E+018,1.63093697444224E+018,0.0189999993891,0.000159999995958,0.0190299991518,0.000190000006114
1.63093697454466E+018,1.63093697449343E+018,0.0194000005722,0.000250000011874,0.0193499997258,3E-05
1.63093697459577E+018,1.63093697454452E+018,0.0183000005782,-0.000369999994291,0.0182499997318,9E-05
1.63093697464701E+018,1.63093697459586E+018,0.0187999997288,0.000360000005458,0.018789999187,3E-05
1.63093697469832E+018,1.63093697464707E+018,0.0185000002384,0.000199999994948,0.0184599999338,-0.000140000003739
1.63093697474949E+018,1.63093697469833E+018,0.0148999998346,0.000460000010207,0.0149400001392,0.000300000014249
1.63093697480075E+018,1.6309369747496E+018,0.00449999980628,4E-05,0.00450999988243,-0.000199999994948
1.63093697485236E+018,1.63093697480083E+018,0.00410000002012,0.00167999998666,-0.00374999991618,0.000440000003437
1.63093697490381E+018,1.63093697485243E+018,0.0119000002742,0.000199999994948,-0.0119099998847,0.000410000007832
1.63093697495502E+018,1.63093697490381E+018,0.0181000009179,-0.00034999998752,-0.0180600006133,0.00044999999227
1.63093697500621E+018,1.63093697495505E+018,0.0205000005662,-0.00101000000723,-0.0204300004989,0.000469999999041
1.63093697505763E+018,1.63093697500631E+018,0.0197999998927,-0.000360000005458,-0.0198299996555,-0.000260000000708
1.63093697510916E+018,1.63093697505771E+018,0.0176999997348,-0.000490000005811,-0.017650000751,-0.000399999989895
1.63093697516045E+018,1.63093697510896E+018,0.0208999998868,0.000760000024457,-0.0208999998868,-0.000530000019353
1.63093697521138E+018,1.63093697516018E+018,0.0183000005782,-0.000239999993937,-0.0182900000364,-0.000360000005458
1.63093697526287E+018,1.63093697521145E+018,0.0194000005722,0.000209999998333,-0.0193600002676,-0.000319999991916
1.63093697531374E+018,1.6309369752626E+018,0.0185000002384,-0.000410000007832,-0.0184599999338,-8E-05
1.63093697541516E+018,1.63093697531381E+018,0.0189999993891,-0.000289999996312,-0.0189500004053,0.000140000003739
1.63093697546633E+018,1.63093697541521E+018,0.0183000005782,-4E-05,-0.0182799994946,-9E-05
1.6309369755178E+018,1.63093697546639E+018,0.0194000005722,-0.000469999999041,-0.0193799994886,0
1.63093697556916E+018,1.63093697551783E+018,0.0114000001922,-0.000769999984186,-0.0113800000399,-1E-05
1.63093697562036E+018,1.63093697556898E+018,0.00310000008903,0.00132000003941,-0.0027799999807,-4E-05
1.63093697567145E+018,1.63093697562009E+018,0.00439999997616,-0.00150999997277,0.00413999985904,-0.000190000006114
1.63093697577253E+018,1.63093697567128E+018,0.0142999999225,0.00129000004381,0.0142700001597,-0.000410000007832
1.63093697582379E+018,1.63093697577261E+018,0.0201999992132,0.000339999998687,0.0201500002295,-0.000539999979082
1.63093697587528E+018,1.63093697582386E+018,0.0187999997288,0.000839999993332,0.0187999997288,0.000140000003739
1.63093697592629E+018,1.63093697587508E+018,0.0189999993891,0.000150000007125,0.0190299991518,0.000660000019707
1.63093697602755E+018,1.63093697592633E+018,0.0186999998987,-0.000630000024103,0.0186700001359,0.00065000000177
1.63093697607894E+018,1.63093697602762E+018,0.0190999992192,-0.000130000000354,0.0191399995238,0.000250000011874
1.63093697612994E+018,1.63093697607874E+018,0.0184000004083,0.000260000000708,0.0183899998665,-7E-05
1.63093697618118E+018,1.63093697612998E+018,0.0194000005722,4E-05,0.0193799994886,0.000130000000354
1.63093697623265E+018,1.63093697618126E+018,0.0179999992251,0.000230000005104,0.0179699994624,-3E-05
1.63093697628371E+018,1.63093697623245E+018,0.0188999995589,0.000190000006114,0.0189399998635,3E-05
1.63093697633491E+018,1.63093697628368E+018,0.01600000076,0.000839999993332,0.0159900002182,0.000250000011874
1.63093697638628E+018,1.63093697633475E+018,0.00480000022799,-0.000380000012228,0.00476999999955,-0.000159999995958
1.63093697643744E+018,1.63093697638602E+018,0.00410000002012,0.000790000020061,-0.00400000018999,0.000429999985499
1.63093697648858E+018,1.63093697643725E+018,0.0125000001863,-0.000769999984186,-0.012480000034,0.000250000011874
1.63093697653973E+018,1.63093697648842E+018,0.0193000007421,-0.000950000016019,-0.019319999963,0.000469999999041
1.63093697664198E+018,1.6309369765398E+018,0.0189999993891,-0.000260000000708,-0.0190399996936,0.000360000005458
1.63093697669263E+018,1.63093697664109E+018,0.0185000002384,-0.000410000007832,-0.0184700004756,-0.000150000007125
1.63093697674394E+018,1.63093697669256E+018,0.0209999997169,0.00104999996256,-0.0209599994123,-0.000750000006519
1.63093697679523E+018,1.63093697674398E+018,0.0193000007421,0.000520000001416,-0.0193000007421,-0.000620000006165
1.63093697684718E+018,1.63093697679515E+018,0.017899999395,-0.000569999974687,-0.0178500004113,-5E-05
1.63093697689949E+018,1.63093697684727E+018,0.0196000002325,0,-0.019640000537,-5E-05
1.63093697695157E+018,1.63093697689918E+018,0.0183000005782,-0.000319999991916,-0.0182600002736,5E-05
1.63093697700382E+018,1.63093697695158E+018,0.0188999995589,-0.000369999994291,-0.0189299993217,-8E-05
1.63093697705552E+018,1.63093697700355E+018,0.0186000000685,0.000169999999343,-0.0185700003058,-0.000119999996969
1.63093697710867E+018,1.6309369770556E+018,0.0156999994069,-0.0010000000475,-0.0156699996442,-9E-05
1.63093697716002E+018,1.63093697710861E+018,0.00570000009611,0.00034999998752,-0.00565000018105,0.000150000007125
1.63093697721099E+018,1.63093697715979E+018,0.00219999998808,-0.00153999996837,0.00153999996837,-0.0001
1.63093697726237E+018,1.63093697721106E+018,0.00989999994636,-0.00104999996256,0.009829999879,-0.000609999988228
1.63093697731354E+018,1.63093697726236E+018,0.0184000004083,0.000980000011623,0.0183799993247,-0.000460000010207
1.63093697736602E+018,1.63093697731367E+018,0.0211999993771,0.000579999992624,0.0211999993771,-0.000369999994291
1.6309369774177E+018,1.63093697736572E+018,0.0197999998927,0.000600000028498,0.0197800006717,0.000110000000859
1.63093697746982E+018,1.63093697741762E+018,0.0175000000745,0.00118999998085,0.0174599997699,-6E-05
1.63093697752134E+018,1.63093697746948E+018,0.0206000003964,-0.000590000010561,0.02054999955,0.000910000002477
1.63093697762378E+018,1.63093697752146E+018,0.0190999992192,3E-05,0.0190600007772,0.00034999998752
1.63093697767593E+018,1.63093697762385E+018,0.0185000002384,9E-05,0.018449999392,0.000220000001718
1.63093697772827E+018,1.63093697767567E+018,0.019200000912,9E-05,0.0191900003701,-9E-05
1.63093697778036E+018,1.63093697772799E+018,0.0187999997288,-0.000130000000354,0.0187599994242,0.000199999994948
1.63093697783242E+018,1.63093697778023E+018,0.0176999997348,0.000790000020061,0.017689999193,-0.000159999995958
1.6309369778847E+018,1.63093697783255E+018,0.0136000001803,0.000790000020061,0.0135899996385,0.000260000000708
1.6309369779366E+018,1.63093697788451E+018,0.00130000000354,-0.000300000014249,0.0012300000526,-0.000169999999343
1.63093697798842E+018,1.6309369779363E+018,0.0063000000082,0.00240000011399,-0.0058499998413,0.000460000010207
1.63093697803944E+018,1.63093697798818E+018,0.0131000000983,-0.000760000024457,-0.013030000031,0.000330000009853
1.63093697809066E+018,1.63093697803945E+018,0.0211999993771,-5E-05,-0.0212399996817,0.000600000028498
1.63093697819186E+018,1.63093697809067E+018,0.0187999997288,-0.000730000028852,-0.0187800005078,0.0001
1.63093697824304E+018,1.63093697819184E+018,0.0187999997288,-0.000300000014249,-0.0188200008124,-0.000310000003083
1.63093697829434E+018,1.6309369782431E+018,0.019999999553,0.000460000010207,-0.019999999553,-0.000419999996666
1.63093697834556E+018,1.63093697829444E+018,0.0183000005782,-8E-05,-0.0182799994946,-0.000429999985499
1.63093697839698E+018,1.63093697834564E+018,0.0193000007421,-8E-05,-0.0193499997258,-9E-05
1.63093697844796E+018,1.63093697839676E+018,0.0188999995589,-0.000280000007479,-0.0189100001007,-0.000110000000859
1.63093697849917E+018,1.63093697844803E+018,0.0179999992251,-3E-05,-0.0179800000042,-0.000199999994948
1.63093697855055E+018,1.6309369784992E+018,0.0189999993891,-0.000809999997728,-0.0189599990845,0.000360000005458
1.63093697860172E+018,1.63093697855055E+018,0.017100000754,-0.000180000002729,-0.0171099994332,-0.000119999996969
1.63093697870295E+018,1.63093697860179E+018,0.0100999996066,-0.000500000023749,-0.0100800003856,-9E-05
1.63093697875435E+018,1.63093697870296E+018,0.00490000005811,-0.00127000000793,0.00473000016063,-0.000260000000708
1.63093697880526E+018,1.63093697875413E+018,0.017100000754,0.00124000001233,0.0170000009239,-0.000609999988228
1.63093697885776E+018,1.63093697880539E+018,0.0214000009,0.00034999998752,0.0214000009,-0.000360000005458
1.63093697890958E+018,1.63093697885747E+018,0.0194000005722,0.000609999988228,0.0193499997258,-0.000260000000708
1.6309369789623E+018,1.63093697890946E+018,0.0185000002384,0.000989999971353,0.0184300001711,9E-05
1.63093697901428E+018,1.63093697896207E+018,0.019200000912,-0.000620000006165,0.0191600006074,0.000910000002477
1.63093697906617E+018,1.630936979014E+018,0.0198999997228,-0.000159999995958,0.0198699999601,0.000280000007479
1.63093697911803E+018,1.63093697906583E+018,0.0184000004083,-0.000530000019353,0.0183600001037,0.000429999985499
1.63093697917001E+018,1.63093697911774E+018,0.0186999998987,0.000169999999343,0.0186800006777,2E-05
1.63093697922152E+018,1.63093697916971E+018,0.0184000004083,-0.000119999996969,0.0183899998665,0.000260000000708
1.63093697927387E+018,1.63093697922165E+018,0.0195000004023,0.000110000000859,0.0195400007069,-0.0001
1.63093697932548E+018,1.63093697927357E+018,0.0164000000805,0.000920000020415,0.0163899995387,5E-05
1.63093697937773E+018,1.63093697932561E+018,0.0063000000082,0.000150000007125,0.00625000009313,6E-05
1.63093697942985E+018,1.63093697937755E+018,0.00219999998808,0.00104000000283,-0.00193000002764,7E-05
1.63093697948146E+018,1.63093697942955E+018,0.0110999997705,0.00133999995887,-0.0110600003973,0.00034999998752
1.63093697953374E+018,1.63093697948161E+018,0.0179999992251,-0.00106999999844,-0.0179699994624,0.000669999979436
1.6309369795861E+018,1.63093697953358E+018,0.0198999997228,-1E-05,-0.0198599994183,0.000310000003083
1.63093697963697E+018,1.63093697958579E+018,0.0195000004023,-0.000390000001062,-0.0194899998605,9E-05
1.6309369796882E+018,1.63093697963709E+018,0.017100000754,-0.000600000028498,-0.0170799996704,-0.000300000014249
1.63093697973938E+018,1.63093697968827E+018,0.021099999547,0.000969999993686,-0.0210299994797,-0.000780000002123
1.6309369797907E+018,1.63093697973945E+018,0.0183000005782,-4E-05,-0.0182900000364,-0.000269999989541
1.6309369798424E+018,1.63093697979074E+018,0.0188999995589,0.000199999994948,-0.0189399998635,-0.000469999999041
1.6309369798937E+018,1.63093697984242E+018,0.0194000005722,0.000330000009853,-0.0193600002676,-0.000190000006114
1.63093697994478E+018,1.63093697989372E+018,0.0181000009179,-0.000419999996666,-0.0180900003761,0.000269999989541
1.63093697999616E+018,1.63093697994484E+018,0.017899999395,7E-05,-0.017880000174,-0.000140000003739
1.6309369800474E+018,1.63093697999604E+018,0.0153000000864,-0.000980000011623,-0.0152300000191,0.000110000000859
1.63093698009871E+018,1.63093698004722E+018,0.00620000017807,0.000319999991916,-0.00615999987349,-7E-05
1.63093698019966E+018,1.6309369800985E+018,0.00300000002608,-0.00152000004891,0.00263000000268,-0.000250000011874
1.63093698025085E+018,1.63093698019969E+018,0.0157999992371,7E-05,0.0157800000161,-0.000469999999041
1.63093698030203E+018,1.6309369802509E+018,0.0197999998927,0.000620000006165,0.0198299996555,-0.000419999996666
1.63093698035348E+018,1.63093698030203E+018,0.0188999995589,0.000660000019707,0.0189200006425,-0.0001
1.63093698040445E+018,1.63093698035326E+018,0.0187999997288,0.000809999997728,0.0187999997288,0.000190000006114
1.63093698045562E+018,1.63093698040434E+018,0.0190999992192,-0.00065000000177,0.0190500002354,0.000850000011269
1.63093698055798E+018,1.63093698045573E+018,0.0197999998927,-0.000280000007479,0.0198299996555,0.000300000014249
1.63093698060932E+018,1.63093698055798E+018,0.0184000004083,0.000169999999343,0.0184099990875,0.000150000007125
1.63093698066063E+018,1.63093698060917E+018,0.0190999992192,-0.000319999991916,0.0190799999982,0.000159999995958
1.63093698071157E+018,1.63093698066034E+018,0.0175000000745,0.000410000007832,0.0175400003791,0.000130000000354
1.63093698081278E+018,1.63093698071162E+018,0.00740000000224,0.000820000015665,0.00732999993488,0.000159999995958
1.63093698086449E+018,1.63093698081282E+018,0.00719999987632,0.000660000019707,-0.0071600000374,0.000319999991916
1.63093698091581E+018,1.63093698086454E+018,0.0187999997288,-0.00089000002481,-0.018769999966,0.00044999999227
1.63093698096709E+018,1.63093698091585E+018,0.0197999998927,-0.000269999989541,-0.0198100004345,0.000159999995958
1.6309369810184E+018,1.63093698096713E+018,0.0196000002325,-0.000609999988228,-0.0195599999279,0.000310000003083
1.63093698106975E+018,1.63093698101845E+018,0.0175999999046,-0.000579999992624,-0.0175800006837,-0.000399999989895
1.63093698112104E+018,1.63093698106984E+018,0.0207000002265,0.000699999975041,-0.020640000701,-0.000769999984186
1.63093698117239E+018,1.63093698112108E+018,0.0186000000685,-0.000180000002729,-0.0185499992222,-0.000429999985499
1.63093698122377E+018,1.63093698117244E+018,0.018200000748,-0.000230000005104,-0.018219999969,-0.000169999999343
1.63093698127499E+018,1.63093698122363E+018,0.0196000002325,-0.000260000000708,-0.0195799991488,-0.000150000007125
1.63093698132641E+018,1.63093698127501E+018,0.019200000912,-0.000119999996969,-0.0191900003701,-0.000110000000859
1.63093698142765E+018,1.6309369813262E+018,0.0152000002563,-0.000660000019707,-0.0152300000191,5E-05
1.63093698147858E+018,1.63093698142741E+018,0.00279999990016,-0.000739999988582,-0.00267000007443,-0.000150000007125
1.63093698152988E+018,1.6309369814787E+018,0.01070000045,-0.00109999999404,0.0105999996886,-0.000339999998687
1.6309369815811E+018,1.63093698152989E+018,0.0187999997288,0.00115000002552,0.0187800005078,-0.000399999989895
1.63093698163246E+018,1.63093698158113E+018,0.0211999993771,0.000910000002477,0.0211800001562,-0.000590000010561
1.63093698168403E+018,1.63093698163229E+018,0.0196000002325,0.000820000015665,0.0196199994534,9E-05
1.63093698173504E+018,1.63093698168359E+018,0.0186000000685,0.000769999984186,0.0186000000685,9E-05
1.63093698178607E+018,1.63093698173484E+018,0.0190999992192,-0.000190000006114,0.0190500002354,0.000709999992978
1.63093698183754E+018,1.63093698178614E+018,0.0200999993831,-0.000369999994291,0.0200399998575,0.000669999979436
1.63093698188856E+018,1.63093698183736E+018,0.0183000005782,0.00034999998752,0.0182600002736,5E-05
1.63093698194023E+018,1.63093698188863E+018,0.019200000912,0.000130000000354,0.0192300006747,0.000319999991916
1.63093698199176E+018,1.63093698194028E+018,0.0174000002444,0.000679999997374,0.0174000002444,-0.000230000005104
1.63093698204301E+018,1.63093698199186E+018,0.0100999996066,0.00104000000283,0.0100100003183,0.000119999996969
1.63093698209414E+018,1.63093698204299E+018,0.00139999995008,-0.00129000004381,-0.000579999992624,0.000150000007125
1.63093698214556E+018,1.63093698209419E+018,0.0109000001103,0.000820000015665,-0.0108200004324,0.000520000001416
1.6309369821966E+018,1.6309369821454E+018,0.0172000005841,-0.00182999996468,-0.017100000754,0.000560000014957
1.6309369822478E+018,1.63093698219668E+018,0.0201999992132,0.000839999993332,-0.020209999755,0.000250000011874
1.6309369822992E+018,1.6309369822478E+018,0.0195000004023,-0.000560000014957,-0.0195000004023,0.000289999996312
1.63093698235018E+018,1.63093698229899E+018,0.0176999997348,-0.000110000000859,-0.017650000751,-0.000239999993937
1.63093698240141E+018,1.6309369823502E+018,0.020300000906,0.000130000000354,-0.0202799998224,-0.000539999979082
1.63093698245264E+018,1.63093698240146E+018,0.0187999997288,0.000839999993332,-0.0187599994242,-0.000560000014957
1.63093698250394E+018,1.63093698245276E+018,0.0186999998987,-4E-05,-0.0187199991196,-0.000399999989895
1.63093698255533E+018,1.63093698250401E+018,0.0184000004083,-7E-05,-0.0183899998665,-0.000119999996969
1.63093698260655E+018,1.63093698255538E+018,0.0186999998987,0.000110000000859,-0.0187400002033,-1E-05
1.63093698265833E+018,1.63093698260657E+018,0.0093999998644,-0.00044999999227,-0.00937999971211,-0.000300000014249
1.6309369827097E+018,1.63093698265824E+018,0.000500000023749,9E-05,-0.000509999983478,2E-05
1.63093698276071E+018,1.63093698270951E+018,0.00980000011623,-0.00230999989435,0.00953000038862,-0.000390000001062
1.63093698281203E+018,1.63093698276079E+018,0.0164000000805,0.000769999984186,0.0163899995387,-0.000410000007832
1.63093698286359E+018,1.63093698281206E+018,0.0212999992073,0.000310000003083,0.0213300008327,-0.00044999999227
1.63093698296509E+018,1.63093698286368E+018,0.0197999998927,0.000760000024457,0.0197400003672,-0.000130000000354
1.63093698301619E+018,1.63093698296488E+018,0.0186999998987,0.000159999995958,0.0186999998987,0.000380000012228
1.63093698306732E+018,1.63093698301613E+018,0.0187999997288,-0.000630000024103,0.018789999187,0.000419999996666
1.63093698311871E+018,1.63093698306736E+018,0.0194000005722,-0.000280000007479,0.0193700008094,0.000310000003083
1.63093698316971E+018,1.63093698311851E+018,0.0185000002384,0.000520000001416,0.0184899996966,0.000130000000354
1.63093698322109E+018,1.6309369831696E+018,0.0132999997586,0.000419999996666,0.0132900001481,0.000169999999343
1.63093698327244E+018,1.63093698322115E+018,0.00170000002254,-0.000260000000708,0.00167999998666,3E-05
1.63093698332374E+018,1.63093698327232E+018,0.00769999995828,0.00239000003785,-0.00732999993488,0.000490000005811
1.63093698337479E+018,1.63093698332354E+018,0.0146000003442,-0.00149000005331,-0.01446999982,0.000669999979436
1.6309369834262E+018,1.6309369833748E+018,0.0196000002325,0.000399999989895,-0.0196000002325,7E-05
1.63093698347727E+018,1.63093698342603E+018,0.0190999992192,-0.00054999999702,-0.0191200003028,0.000490000005811
1.63093698352867E+018,1.6309369834773E+018,0.0196000002325,-0.000220000001718,-0.0196000002325,-0.000230000005104
1.63093698357947E+018,1.63093698352834E+018,0.0177999995649,-0.000579999992624,-0.0177699998021,-0.000209999998333
1.6309369836308E+018,1.63093698357958E+018,0.020300000906,0.00113999994937,-0.0202500000596,-0.000950000016019
1.63093698368184E+018,1.63093698363061E+018,0.0188999995589,-0.000250000011874,-0.018880000338,-0.000399999989895
1.63093698373331E+018,1.63093698368189E+018,0.0187999997288,-0.000209999998333,-0.0188400000334,-0.0001
1.63093698378408E+018,1.63093698373299E+018,0.0126999998465,-0.00106000003871,-0.0126799996942,-0.000250000011874
1.63093698383528E+018,1.63093698378423E+018,0.00279999990016,0.000390000001062,-0.00280999997631,0.000209999998333
1.63093698388657E+018,1.63093698383543E+018,0.00499999988824,-0.00187000003643,0.00459000002593,-0.000469999999041
1.63093698393783E+018,1.63093698388665E+018,0.0130000002682,0.00079999997979,0.0130000002682,-0.000369999994291
1.63093698403918E+018,1.63093698393788E+018,0.0189999993891,0.000300000014249,0.0189500004053,-0.000410000007832
1.63093698409036E+018,1.6309369840392E+018,0.0204000007361,0.000509999983478,0.0204199999571,-0.000169999999343
1.63093698414179E+018,1.63093698409047E+018,0.016799999401,0.000600000028498,0.0168200004846,4E-05
1.63093698419278E+018,1.63093698414154E+018,0.0207000002265,-0.00054999999702,0.0206799991429,0.000869999988936
1.63093698424428E+018,1.6309369841928E+018,0.0186999998987,-0.000119999996969,0.0186800006777,0.000199999994948
1.63093698429531E+018,1.63093698424407E+018,0.0157999992371,0.000569999974687,0.0157900005579,0.000530000019353
1.63093698434653E+018,1.63093698429535E+018,0.00359999993816,4E-05,0.00356000009924,7E-05
1.63093698439809E+018,1.63093698434662E+018,0.00540000014007,0.00162999995518,-0.00516000017524,0.000399999989895
1.63093698449925E+018,1.63093698439787E+018,0.0143999997526,-0.000520000001416,-0.0144100002944,0.00034999998752
1.63093698455023E+018,1.63093698449906E+018,0.0190999992192,-0.000560000014957,-0.0191300008446,0.000469999999041
1.63093698460146E+018,1.63093698455025E+018,0.0188999995589,-0.000280000007479,-0.0188900008798,3E-05
1.63093698465289E+018,1.63093698460154E+018,0.0185000002384,-0.00107999995816,-0.0185199994594,-5E-05
1.63093698470399E+018,1.63093698465272E+018,0.0197000000626,0.00034999998752,-0.0197299998254,-0.000709999992978
1.63093698475525E+018,1.63093698470401E+018,0.0185000002384,-3E-05,-0.0184599999338,-0.000360000005458
1.63093698480703E+018,1.63093698475531E+018,0.00980000011623,-0.000269999989541,-0.00980999972671,-0.000579999992624
1.6309369848583E+018,1.6309369848068E+018,0.000399999989895,0.000230000005104,-0.000239999993937,-0.000119999996969
1.63093698491079E+018,1.63093698485846E+018,0.00710000004619,-0.00215999991633,0.00677999993786,-0.000380000012228
1.63093698496279E+018,1.63093698491056E+018,0.0148000000045,0.00202000001445,0.014630000107,-0.000509999983478
1.63093698501443E+018,1.63093698496251E+018,0.0198999997228,-0.000110000000859,0.0199200008065,-0.000339999998687
1.63093698511686E+018,1.63093698501456E+018,0.0197999998927,0.000469999999041,0.0198199991137,-0.000419999996666
1.63093698516852E+018,1.63093698511658E+018,0.018200000748,0.000709999992978,0.0182099994272,6E-05
1.63093698522069E+018,1.63093698516866E+018,0.0185000002384,-0.000169999999343,0.0184899996966,0.000820000015665
1.63093698527197E+018,1.6309369852208E+018,0.00340000004508,0.00079999997979,0.00329999998212,0.000530000019353
1.6309369853234E+018,1.63093698527204E+018,0.0054999999702,0.00136999995448,-0.00528999976814,0.000440000003437
1.63093698537451E+018,1.63093698532318E+018,0.0130000002682,0.000669999979436,-0.0130200004205,0.000440000003437
1.63093698542546E+018,1.63093698537433E+018,0.0175000000745,-0.00132000003941,-0.0174599997699,0.000590000010561
1.63093698547682E+018,1.63093698542549E+018,0.0204000007361,-0.000369999994291,-0.0203699991107,0.000319999991916
1.63093698552797E+018,1.63093698547656E+018,0.0193000007421,-0.000569999974687,-0.0192600004375,1E-05
1.63093698557908E+018,1.63093698552776E+018,0.017899999395,-0.00150000001304,-0.0178100001067,0.000180000002729
1.63093698567998E+018,1.63093698557886E+018,0.0120000001043,-0.00150999997277,-0.0118899997324,-0.000429999985499
1.63093698573116E+018,1.63093698567997E+018,0.00730000017211,9E-05,0.00719999987632,-0.000850000011269
1.63093698578286E+018,1.6309369857313E+018,0.0163000002503,0.00159999995958,0.016249999404,-0.000790000020061
1.63093698583385E+018,1.63093698578267E+018,0.0204000007361,0.000159999995958,0.0203799996525,-0.000180000002729
1.63093698588511E+018,1.63093698583392E+018,0.017100000754,0.00109000003431,0.0170200001448,-0.000260000000708
1.63093698593709E+018,1.63093698588517E+018,0.00710000004619,0.00144000002183,0.00695999991149,0.000180000002729
1.63093698603867E+018,1.63093698593716E+018,0.0126999998465,-0.000660000019707,-0.0126299997792,0.000590000010561
1.63093698614029E+018,1.6309369860384E+018,0.0127999996766,0.000469999999041,-0.0127400001511,0.000709999992978
1.63093698619246E+018,1.63093698614036E+018,0.00329999998212,-0.00132999999914,0.00264000007883,0.00142999994569
1.63093698624492E+018,1.63093698619216E+018,0.0130000002682,-0.000829999975394,0.0129699995741,0.000880000006873
1.63093698629686E+018,1.63093698624466E+018,0.0175000000745,-0.00240999995731,0.0172799993306,0.000520000001416
1.63093698634875E+018,1.63093698629693E+018,0.0164999999106,-0.00138999999035,0.0164299998432,0.0001
1.63093698640058E+018,1.63093698634881E+018,0.0142000000924,-0.000609999988228,0.0142000000924,0.000169999999343
1.63093698645257E+018,1.63093698640074E+018,0.0154999997467,-0.00168999994639,0.0154600003734,3E-05
1.63093698650488E+018,1.63093698645272E+018,0.0147000001743,-0.000850000011269,0.0146899996325,-0.000269999989541
1.63093698655658E+018,1.63093698650455E+018,0.0154999997467,-0.00156999996398,0.0154699999839,3E-05
1.63093698660916E+018,1.63093698655667E+018,0.00730000017211,-0.000769999984186,0.00726999994367,0.000180000002729
1.6309369866618E+018,1.63093698660912E+018,0.00960000045598,-0.00106000003871,0.00953999999911,1E-05
1.63093698671348E+018,1.63093698666151E+018,0.0100999996066,0.0001,0.0101300003007,-7E-05
1.63093698676534E+018,1.6309369867135E+018,0.0179999992251,0.0010000000475,0.017990000546,-0.000110000000859
1.6309369868174E+018,1.63093698676542E+018,0.0197999998927,-0.00106999999844,0.0197700001299,-6E-05
1.63093698686859E+018,1.63093698681732E+018,0.017100000754,0.00104000000283,0.0170499999076,-8E-05
1.63093698691986E+018,1.63093698686865E+018,0.0148000000045,0.000750000006519,0.014809999615,0.000239999993937
1.63093698697112E+018,1.63093698691977E+018,0.0126999998465,0.000469999999041,0.0126499999315,-0.000169999999343
1.63093698702221E+018,1.63093698697099E+018,0.0104999998584,-0.000460000010207,0.0105100004002,-3E-05
1.63093698707349E+018,1.63093698702224E+018,0.00730000017211,0.000699999975041,0.00726999994367,0
1.63093698717478E+018,1.63093698707354E+018,0.00540000014007,0.00104999996256,0.00524999992922,0.000140000003739
1.63093698722638E+018,1.63093698717484E+018,0.00240000011399,0.000429999985499,0.00239000003785,-1E-05
1.6309369872776E+018,1.63093698722644E+018,0.000500000023749,0.000310000003083,-0.000419999996666,0.000119999996969
1.6309369873288E+018,1.63093698727749E+018,0.00219999998808,0.000959999975748,-0.00193000002764,9E-05
1.63093698738013E+018,1.63093698732894E+018,0.0054999999702,0.00188999995589,-0.00511999987066,0.000169999999343
1.63093698743138E+018,1.63093698738018E+018,0.00810000021011,0.000280000007479,-0.00810000021011,0.000319999991916
1.63093698753261E+018,1.63093698743129E+018,0.0103000001982,-4E-05,-0.0102599998936,0.000369999994291
1.63093698758382E+018,1.63093698753262E+018,0.0115999998525,0.000530000019353,-0.0116200000048,9E-05
1.63093698763513E+018,1.63093698758384E+018,0.0143999997526,0.00124000001233,-0.0143299996853,-0.000199999994948
1.63093698768603E+018,1.63093698763491E+018,0.0164000000805,0.000260000000708,-0.0164199993014,-0.000520000001416
1.63093698773804E+018,1.63093698768606E+018,0.017100000754,0.000230000005104,-0.0171399991959,-0.000180000002729
1.63093698778999E+018,1.63093698773806E+018,0.0189999993891,0.000239999993937,-0.0190200004727,-0.000250000011874
1.63093698789222E+018,1.63093698778995E+018,0.0197999998927,0.0010300000431,-0.0197700001299,-0.000180000002729
1.63093698794498E+018,1.63093698789235E+018,0.0208000000566,0.000410000007832,-0.0207800008357,-6E-05
1.6309369879969E+018,1.63093698794471E+018,0.0216000005603,0.000230000005104,-0.0215700007975,9E-05
1.63093698804869E+018,1.63093698799663E+018,0.0207000002265,0.000390000001062,-0.0207199994475,0
1.63093698810064E+018,1.63093698804851E+018,0.019999999553,0.000230000005104,-0.0199699997902,6E-05
1.63093698815286E+018,1.63093698810049E+018,0.0177999995649,-0.000159999995958,-0.0177800003439,-8E-05
1.63093698820532E+018,1.63093698815314E+018,0.0179999992251,-0.00130000000354,-0.0179200004786,0.000130000000354
1.63093698825634E+018,1.63093698820513E+018,0.0147000001743,-0.000560000014957,-0.0147399995476,-0.000110000000859
1.63093698830766E+018,1.63093698825638E+018,0.0118000004441,-0.000369999994291,-0.0117600001395,6E-05
1.63093698835913E+018,1.6309369883077E+018,0.0102000003681,-0.000500000023749,-0.0101899998263,0
1.63093698841017E+018,1.63093698835891E+018,0.00710000004619,-7E-05,-0.00714999996126,-0.0001
1.63093698846148E+018,1.6309369884102E+018,0.00520000001416,-1E-05,-0.0052100000903,-5E-05
