time,stamp,speed,vx,vy,vz
1.62004607825451E+018,1.62004607815207E+018,0,0,0,0
1.62004607835776E+018,1.62004607825422E+018,0,1E-05,0,0
1.62004607840832E+018,1.62004607835626E+018,0,0,0,0
1.62004607851048E+018,1.62004607840841E+018,0,0,0,0
1.62004607861262E+018,1.62004607851057E+018,0,0,0,0
1.6200460786641E+018,1.62004607861275E+018,0,0,0,0
1.62004607876569E+018,1.62004607866417E+018,0,0,0,0
1.62004607886835E+018,1.62004607876587E+018,0,0,0,0
1.62004607891958E+018,1.6200460788681E+018,0,0,0,0
1.62004607902202E+018,1.62004607891962E+018,0,0,0,0
1.62004607912365E+018,1.62004607902171E+018,0,-1E-05,0,0
1.62004607917694E+018,1.62004607912381E+018,0,0,0,0
1.62004607932901E+018,1.62004607917667E+018,0,0,0,0
1.62004607938036E+018,1.62004607932911E+018,0,0,0,0
1.62004607948242E+018,1.62004607938048E+018,0,0,0,0
1.62004607958372E+018,1.62004607948218E+018,0,0,0,0
1.6200460796389E+018,1.62004607958376E+018,0,0,0,0
1.62004607974113E+018,1.62004607963909E+018,0,1E-05,0,1E-05
1.6200460798428E+018,1.62004607974066E+018,0,0,0,0
1.62004607989525E+018,1.62004607984293E+018,0,0,0,0
1.62004607999772E+018,1.62004607989542E+018,0,0,-1E-05,0
1.62004608009893E+018,1.62004607999746E+018,0,0,0,0
1.62004608015153E+018,1.62004608009902E+018,0,0,0,0
1.62004608025397E+018,1.62004608015124E+018,0,-1E-05,0,-1E-05
1.62004608035505E+018,1.6200460802537E+018,0,0,-1E-05,0
1.62004608045715E+018,1.62004608035511E+018,0,0,2E-05,0
1.62004608055979E+018,1.62004608045733E+018,0,0,-1E-05,0
1.62004608066157E+018,1.62004608055947E+018,0,-2E-05,-1E-05,-1E-05
1.62004608076427E+018,1.62004608066167E+018,0.000199999994948,5E-05,-0.000150000007125,0
1.62004608086638E+018,1.62004608076395E+018,0.000500000023749,0.000239999993937,-0.000419999996666,2E-05
1.62004608096913E+018,1.62004608086605E+018,0.0010000000475,0.000230000005104,-0.00101999996696,-1E-05
1.62004608107122E+018,1.62004608096857E+018,0.00329999998212,-0.000119999996969,-0.00332999997772,-7E-05
1.62004608117294E+018,1.62004608107084E+018,0.00380000006407,-4E-05,-0.00375999999233,-6E-05
1.62004608127518E+018,1.62004608117306E+018,0.00380000006407,0.000110000000859,-0.00383000005968,-7E-05
1.62004608137763E+018,1.6200460812754E+018,0.00460000010207,0.000159999995958,-0.00463999994099,-6E-05
1.62004608147974E+018,1.62004608137763E+018,0.00490000005811,0.000119999996969,-0.00490000005811,-0.000130000000354
1.62004608158198E+018,1.62004608147953E+018,0.00480000022799,0.000319999991916,-0.00480000022799,-0.000119999996969
1.62004608168367E+018,1.62004608158164E+018,0.0046999999322,0.000230000005104,-0.00466000009328,-0.000130000000354
1.62004608178538E+018,1.62004608168382E+018,0.0038999998942,0.000140000003739,-0.0038699998986,-0.000150000007125
1.62004608188649E+018,1.62004608178516E+018,0.00200000009499,6E-05,-0.00202000001445,-0.000150000007125
1.62004608198818E+018,1.62004608188663E+018,0.0001,2E-05,-0.0001,-8E-05
1.62004608209036E+018,1.62004608198796E+018,0.0001,-6E-05,2E-05,-6E-05
1.62004608219212E+018,1.62004608209007E+018,0.0001,-4E-05,1E-05,-4E-05
1.62004608229451E+018,1.62004608219223E+018,0,-3E-05,1E-05,-3E-05
1.62004608239674E+018,1.62004608229423E+018,0,-3E-05,1E-05,-2E-05
1.62004608254785E+018,1.62004608239632E+018,0,-2E-05,1E-05,-2E-05
1.62004608265026E+018,1.62004608254763E+018,0,-2E-05,1E-05,-2E-05
1.62004608275227E+018,1.62004608265001E+018,0,-2E-05,1E-05,-1E-05
1.62004608285407E+018,1.62004608275245E+018,0,-1E-05,0,-1E-05
1.6200460829557E+018,1.62004608285383E+018,0,0,0,-1E-05
1.62004608305784E+018,1.62004608295584E+018,0,-1E-05,1E-05,-1E-05
1.62004608315992E+018,1.62004608305796E+018,0,-1E-05,0,-1E-05
1.62004608326131E+018,1.62004608316005E+018,0,0,0,0
1.62004608336304E+018,1.62004608326143E+018,0,0,0,-1E-05
1.62004608346594E+018,1.62004608336314E+018,0,0,0,0
1.62004608356708E+018,1.62004608346562E+018,0,0,-1E-05,0
1.62004608366884E+018,1.62004608356725E+018,0,0,1E-05,0
1.62004608377058E+018,1.62004608366864E+018,0,0,0,0
1.62004608387302E+018,1.6200460837703E+018,0,0,0,0
1.62004608392484E+018,1.62004608387324E+018,0,0,1E-05,0
1.62004608402703E+018,1.62004608392465E+018,0,0,2E-05,0
1.62004608412883E+018,1.6200460840268E+018,0,0,-1E-05,0
1.62004608423118E+018,1.62004608412901E+018,0,0,1E-05,0
1.62004608433297E+018,1.6200460842309E+018,0,0,1E-05,0
1.62004608443485E+018,1.62004608433276E+018,0,0,1E-05,0
1.62004608453623E+018,1.62004608443487E+018,0,0,-1E-05,0
1.62004608463774E+018,1.62004608453636E+018,0,0,0,0
1.62004608474052E+018,1.62004608463797E+018,0,0,0,0
1.62004608484247E+018,1.62004608474065E+018,0,0,1E-05,0
1.62004608494471E+018,1.62004608484279E+018,0,0,1E-05,0
1.6200460850468E+018,1.62004608494478E+018,0,0,0,0
1.62004608514984E+018,1.62004608504699E+018,0,0,0,0
1.62004608525231E+018,1.62004608514955E+018,0,0,0,0
1.62004608535411E+018,1.62004608525202E+018,0,0,0,0
1.62004608545636E+018,1.6200460853543E+018,0,0,1E-05,0
1.6200460855591E+018,1.6200460854565E+018,0,0,-1E-05,0
1.62004608566075E+018,1.62004608555862E+018,0,0,1E-05,0
1.62004608576292E+018,1.62004608566086E+018,0,0,0,0
1.62004608586517E+018,1.62004608576302E+018,0,0,1E-05,0
1.62004608596733E+018,1.62004608586488E+018,0,0,0,0
1.62004608606958E+018,1.6200460859675E+018,0,0,0,0
1.6200460861721E+018,1.62004608606931E+018,0,0,0,0
1.62004608627408E+018,1.62004608617162E+018,0,0,0,0
1.62004608637696E+018,1.62004608627427E+018,0,0,2E-05,0
1.62004608647963E+018,1.62004608637705E+018,0,0,0,0
1.6200460865819E+018,1.62004608647982E+018,0,0,0,0
1.62004608668422E+018,1.620046086582E+018,0,0,1E-05,0
1.6200460867869E+018,1.62004608668435E+018,0,-1E-05,-3E-05,0
1.62004608688907E+018,1.62004608678658E+018,0.00219999998808,0.000169999999343,-0.00221000006422,7E-05
1.62004608699118E+018,1.62004608688881E+018,0.00570000009611,0.000159999995958,-0.00570000009611,7E-05
1.62004608709284E+018,1.62004608699091E+018,0.00190000003204,-0.00156000000425,-0.00109999999404,-0.000300000014249
1.62004608719541E+018,1.62004608709299E+018,0.00359999993816,-0.00326999998651,0.0014600000577,-0.000429999985499
1.62004608729708E+018,1.62004608719514E+018,0.00340000004508,-0.00276000006124,0.00200000009499,-0.000119999996969
1.62004608734946E+018,1.62004608729721E+018,0.00270000007004,-0.0020600000862,0.00170000002254,0.000289999996312
1.62004608745244E+018,1.62004608734962E+018,0.00260000000708,-0.00208000000566,0.00156999996398,0.000339999998687
1.62004608755451E+018,1.62004608745283E+018,0.00310000008903,-0.00161999999546,0.00261999992654,0.000380000012228
1.62004608765671E+018,1.62004608755468E+018,0.00319999991916,-0.00193000002764,0.00252000009641,0.000440000003437
1.6200460877592E+018,1.6200460876568E+018,0.00279999990016,-0.00165999995079,0.00221000006422,0.000560000014957
1.62004608786132E+018,1.62004608775893E+018,0.00279999990016,-0.00176999997348,0.00215000007302,0.000410000007832
1.6200460879625E+018,1.620046087861E+018,0.00310000008903,-0.00209999992512,0.00228999997489,0.000369999994291
1.62004608806408E+018,1.62004608796231E+018,0.00279999990016,-0.00188999995589,0.00199000001885,0.000339999998687
1.62004608816662E+018,1.62004608806422E+018,0.00289999996312,-0.00218000006862,0.00187999999616,0.000260000000708
1.62004608826801E+018,1.62004608816632E+018,0.00270000007004,-0.00215000007302,0.00164000003133,0.000269999989541
1.62004608836948E+018,1.62004608826782E+018,0.00270000007004,-0.00218000006862,0.00153000000864,0.000269999989541
1.62004608842087E+018,1.62004608836928E+018,0.00270000007004,-0.00221000006422,0.00158999999985,0.000239999993937
1.620046088522E+018,1.62004608842067E+018,0.00289999996312,-0.00227000005543,0.001719999942,0.000260000000708
1.62004608862378E+018,1.62004608852205E+018,0.00260000000708,-0.00200999993831,0.00164999999106,0.000280000007479
1.62004608872562E+018,1.62004608862393E+018,0.00279999990016,-0.00211000000127,0.00176999997348,0.000369999994291
1.62004608882775E+018,1.62004608872569E+018,0.00260000000708,-0.00193000002764,0.00167000002693,0.000300000014249
1.62004608893012E+018,1.62004608882779E+018,0.00310000008903,-0.0023199999705,0.00196000002325,0.000330000009853
1.62004608903222E+018,1.62004608892988E+018,0.00279999990016,-0.00206999992952,0.00190000003204,0.000280000007479
1.62004608913413E+018,1.62004608903195E+018,0.00279999990016,-0.00197000009939,0.0019199999515,0.000269999989541
1.62004608918606E+018,1.62004608913385E+018,0.00300000002608,-0.00211000000127,0.0020600000862,0.000280000007479
1.62004608928834E+018,1.62004608918608E+018,0.00310000008903,-0.00227000005543,0.00215000007302,0.000300000014249
1.62004608939046E+018,1.62004608928848E+018,0.00279999990016,-0.00197999994271,0.00193999998737,0.000300000014249
1.62004608949218E+018,1.62004608939057E+018,0.00289999996312,-0.00211000000127,0.00190000003204,0.000280000007479
1.62004608959349E+018,1.62004608949196E+018,0.00270000007004,-0.0020600000862,0.00175000005402,0.000289999996312
1.62004608969492E+018,1.62004608959331E+018,0.00289999996312,-0.00212000007741,0.00188999995589,0.000260000000708
1.62004608979715E+018,1.62004608969473E+018,0.00289999996312,-0.00211000000127,0.00197999994271,0.000269999989541
1.62004608989911E+018,1.62004608979681E+018,0.00279999990016,-0.00197000009939,0.00202000001445,0.000260000000708
1.6200460900011E+018,1.62004608989878E+018,0.00319999991916,-0.00219999998808,0.00224999990314,0.000280000007479
1.6200460901028E+018,1.6200460900008E+018,0.00520000001416,-0.00362999993376,0.00370000000112,0.000520000001416
1.62004609015446E+018,1.62004609010295E+018,0.00800000037998,-0.00579999992624,0.0054199998267,0.00079999997979
1.62004609025628E+018,1.6200460901545E+018,0.00879999995232,-0.00663000019267,0.00576000008732,0.000739999988582
1.62004609035906E+018,1.62004609025637E+018,0.00800000037998,-0.00600000005215,0.00514000002295,0.00089999998454
1.62004609046071E+018,1.62004609035923E+018,0.00850000046194,-0.0064400001429,0.00551000004634,0.000669999979436
1.6200460905623E+018,1.62004609046077E+018,0.00850000046194,-0.00619000010192,0.00581000000238,0.000850000011269
1.62004609066439E+018,1.6200460905621E+018,0.00829999987036,-0.0063000000082,0.00535999983549,0.000769999984186
1.62004609076567E+018,1.62004609066411E+018,0.00870000012219,-0.00640999991447,0.00583000015467,0.000809999997728
1.62004609086683E+018,1.6200460907655E+018,0.00829999987036,-0.00607000011951,0.00553999980912,0.000869999988936
1.62004609096886E+018,1.62004609086684E+018,0.00889999978244,-0.00669999979436,0.00575000001118,0.000850000011269
1.62004609107141E+018,1.62004609096888E+018,0.00820000004023,-0.00618000002578,0.00529999984428,0.000790000020061
1.62004609117345E+018,1.62004609107111E+018,0.00800000037998,-0.00594000006095,0.00528999976814,0.000839999993332
1.62004609127598E+018,1.62004609117319E+018,0.00870000012219,-0.00645000021905,0.00585999991745,0.000750000006519
1.62004609137724E+018,1.62004609127566E+018,0.00879999995232,-0.00643000006676,0.00602000020444,0.000820000015665
1.62004609147843E+018,1.62004609137704E+018,0.00820000004023,-0.0059299999848,0.00563000002876,0.000850000011269
1.62004609158072E+018,1.62004609147846E+018,0.00839999970049,-0.00643000006676,0.00535999983549,0.000790000020061
1.62004609168294E+018,1.62004609158045E+018,0.00800000037998,-0.00600000005215,0.00529999984428,0.000820000015665
1.62004609178518E+018,1.62004609168271E+018,0.00910000037402,-0.00681999977678,0.00597999989986,0.000839999993332
1.62004609188698E+018,1.62004609178491E+018,0.00850000046194,-0.00625000009313,0.00571000017226,0.000820000015665
1.62004609198909E+018,1.62004609188669E+018,0.00850000046194,-0.0063000000082,0.00571000017226,0.000869999988936
1.62004609209123E+018,1.6200460919888E+018,0.00860000029206,-0.00631000008434,0.00577000016347,0.000760000024457
1.62004609219381E+018,1.6200460920913E+018,0.00870000012219,-0.00653999997303,0.00576000008732,0.000769999984186
1.62004609224567E+018,1.62004609219347E+018,0.00839999970049,-0.00627999985591,0.00547000020742,0.00079999997979
1.62004609234867E+018,1.62004609224582E+018,0.00870000012219,-0.00652999989688,0.00576000008732,0.000809999997728
1.62004609245074E+018,1.62004609234838E+018,0.00810000021011,-0.00606000004336,0.00526000000536,0.000829999975394
1.62004609255313E+018,1.62004609245099E+018,0.00870000012219,-0.0066499998793,0.0055800001137,0.000739999988582
1.62004609265576E+018,1.62004609255324E+018,0.00829999987036,-0.00586999999359,0.00582000007853,0.00089000002481
1.62004609275737E+018,1.62004609265545E+018,0.00860000029206,-0.00638000015169,0.00571999978274,0.000760000024457
1.62004609285886E+018,1.62004609275751E+018,0.00870000012219,-0.00633999984711,0.00596999982372,0.000760000024457
1.62004609296029E+018,1.62004609285894E+018,0.00860000029206,-0.00649000005797,0.0056400001049,0.000709999992978
1.62004609306251E+018,1.62004609296048E+018,0.00839999970049,-0.00628999993205,0.00545000005513,0.000739999988582
1.62004609316495E+018,1.62004609306267E+018,0.00829999987036,-0.00632999977097,0.00537999998778,0.000769999984186
1.62004609326704E+018,1.62004609316471E+018,0.00839999970049,-0.00624000001699,0.00553000019863,0.000829999975394
1.62004609336932E+018,1.62004609326679E+018,0.00860000029206,-0.00634999992326,0.00576000008732,0.000859999970999
1.62004609347108E+018,1.62004609336898E+018,0.00850000046194,-0.00626999977976,0.00563000002876,0.000859999970999
1.62004609357363E+018,1.62004609347122E+018,0.00839999970049,-0.00604999996722,0.00571000017226,0.000790000020061
1.62004609367545E+018,1.62004609357336E+018,0.00810000021011,-0.00581000000238,0.00553999980912,0.000769999984186
1.62004609377786E+018,1.62004609367551E+018,0.00879999995232,-0.00655000004917,0.00579999992624,0.000769999984186
1.62004609388014E+018,1.62004609377756E+018,0.00730000017211,-0.00577000016347,0.00447000004351,0.000639999983832
1.62004609398236E+018,1.62004609387978E+018,0.00319999991916,-0.00276000006124,0.00153000000864,0.000369999994291
1.62004609408667E+018,1.62004609398263E+018,0.00079999997979,0.000739999988582,-0.000159999995958,0.000199999994948
1.62004609418854E+018,1.62004609408644E+018,0.00449999980628,0.00450999988243,-0.000330000009853,0.000360000005458
1.62004609429E+018,1.62004609418864E+018,0.00899999961257,0.00899999961257,-0.000230000005104,0.000269999989541
1.6200460943921E+018,1.62004609429006E+018,0.00889999978244,0.00889000017196,-0.000110000000859,-7E-05
1.62004609449575E+018,1.62004609439222E+018,0.00870000012219,0.00874000042677,-0.000220000001718,-1E-05
1.62004609459742E+018,1.62004609449547E+018,0.00899999961257,0.00894999969751,-0.000260000000708,0.000110000000859
1.62004609469959E+018,1.62004609459752E+018,0.00930000003427,0.0092700002715,-0.000159999995958,0.000110000000859
1.62004609480132E+018,1.62004609469934E+018,0.00889999978244,0.00887999963015,-8E-05,9E-05
1.62004609490338E+018,1.62004609480154E+018,0.00910000037402,0.00913999974728,-0.000250000011874,3E-05
1.62004609500583E+018,1.62004609490353E+018,0.00879999995232,0.00882000010461,-0.000339999998687,0.000110000000859
1.62004609510771E+018,1.62004609500556E+018,0.00850000046194,0.00844999961555,-0.000209999998333,6E-05
1.62004609521019E+018,1.62004609510782E+018,0.00879999995232,0.00877999980003,-0.000230000005104,0
1.62004609531291E+018,1.6200460952104E+018,0.00879999995232,0.00877000018954,-0.000330000009853,-6E-05
1.62004609541528E+018,1.62004609531311E+018,0.00860000029206,0.00863999966532,-0.000419999996666,2E-05
1.6200460954679E+018,1.62004609541569E+018,0.00930000003427,0.00934000033885,-0.000469999999041,9E-05
1.62004609561969E+018,1.62004609546763E+018,0.0093999998644,0.00934999994934,-0.000369999994291,4E-05
1.6200460957218E+018,1.62004609561986E+018,0.00860000029206,0.00856999959797,-0.000190000006114,4E-05
1.62004609582387E+018,1.62004609572193E+018,0.00910000037402,0.00905000045896,-0.000239999993937,0.000169999999343
1.62004609587584E+018,1.62004609582396E+018,0.00899999961257,0.00901000015438,-0.000310000003083,0.000130000000354
1.62004609597862E+018,1.620046095876E+018,0.00949999969453,0.00951999984682,-0.000360000005458,0.0001
1.62004609608027E+018,1.62004609597877E+018,0.00889999978244,0.00887999963015,-0.000159999995958,0.000119999996969
1.62004609618247E+018,1.62004609608009E+018,0.00889999978244,0.00887999963015,-0.000369999994291,0.0001
1.62004609628472E+018,1.62004609618215E+018,0.00860000029206,0.00858000013977,-0.000310000003083,0.000150000007125
1.62004609638684E+018,1.62004609628454E+018,0.00920000020415,0.00918999966234,-0.000419999996666,3E-05
1.62004609649045E+018,1.62004609638704E+018,0.0093999998644,0.00937000010163,-0.000369999994291,0.0001
1.62004609659214E+018,1.62004609649013E+018,0.00870000012219,0.00872000027448,-3E-05,3E-05
1.62004609669326E+018,1.62004609659187E+018,0.00889999978244,0.00891999993473,-0.000119999996969,8E-05
1.62004609679454E+018,1.62004609669326E+018,0.00870000012219,0.00867000035942,-0.000469999999041,8E-05
1.62004609689596E+018,1.6200460967946E+018,0.00889999978244,0.00889000017196,-0.000469999999041,5E-05
1.62004609694939E+018,1.620046096896E+018,0.00920000020415,0.00922999996692,-0.000399999989895,8E-05
1.62004609704988E+018,1.62004609694786E+018,0.00889999978244,0.00887999963015,-0.000239999993937,0.0001
1.62004609715226E+018,1.62004609704965E+018,0.00829999987036,0.00831000041217,-0.000280000007479,2E-05
1.62004609725488E+018,1.62004609715198E+018,0.00949999969453,0.00949999969453,-0.000339999998687,8E-05
1.62004609736174E+018,1.6200460972554E+018,0.00889999978244,0.00886000040919,-0.000380000012228,9E-05
1.62004609746393E+018,1.62004609736186E+018,0.00669999979436,0.00669000018388,-0.000280000007479,1E-05
1.62004609756646E+018,1.62004609746408E+018,0.00200000009499,0.00200999993831,-0.000310000003083,-8E-05
1.62004609766819E+018,1.62004609756614E+018,0.000300000014249,0.000269999989541,-0.000190000006114,2E-05
1.62004609777067E+018,1.62004609766829E+018,0.00130000000354,0.000699999975041,-0.00106999999844,-1E-05
1.62004609787288E+018,1.62004609777091E+018,0.00150000001304,1E-05,-0.00150999997277,-6E-05
1.6200460979746E+018,1.620046097873E+018,0.00200000009499,-0.0019499999471,-0.000390000001062,-0.000289999996312
1.62004609807583E+018,1.62004609797437E+018,0.00620000017807,-0.00622999994084,-9E-05,-0.000419999996666
1.62004609817809E+018,1.62004609807591E+018,0.00930000003427,-0.00932000018656,-0.0001,-5E-05
1.62004609827985E+018,1.62004609817828E+018,0.00870000012219,-0.00870000012219,-0.000169999999343,0.000110000000859
1.62004609838249E+018,1.62004609827993E+018,0.00850000046194,-0.00848999992013,-2E-05,0.000159999995958
1.62004609843452E+018,1.62004609838216E+018,0.00899999961257,-0.00901000015438,0.000230000005104,0
1.62004609858622E+018,1.62004609843425E+018,0.00960000045598,-0.00963000021875,0.000280000007479,-0.000159999995958
1.62004609863753E+018,1.62004609858624E+018,0.00879999995232,-0.00879000034183,-2E-05,-0.0001
1.62004609878901E+018,1.62004609863764E+018,0.0097000002861,-0.00965999998152,0.000269999989541,-0.000199999994948
1.62004609889087E+018,1.62004609878911E+018,0.00850000046194,-0.0085199996829,0.000199999994948,-0.0001
1.62004609894184E+018,1.62004609889057E+018,0.00930000003427,-0.00932999979705,0.000360000005458,-0.0001
1.6200460990436E+018,1.62004609894204E+018,0.00930000003427,-0.00934000033885,0.000310000003083,-0.0001
1.62004609914598E+018,1.62004609904373E+018,0.00860000029206,-0.00855999998748,0.000330000009853,-3E-05
1.62004609924779E+018,1.6200460991457E+018,0.00839999970049,-0.0083799995482,0.000289999996312,-9E-05
1.62004609939949E+018,1.62004609924789E+018,0.00910000037402,-0.00906999967992,0.000500000023749,-9E-05
1.62004609945201E+018,1.62004609939929E+018,0.00930000003427,-0.00932000018656,0.000330000009853,-7E-05
1.62004609955487E+018,1.62004609945226E+018,0.00910000037402,-0.00906999967992,0.000300000014249,-6E-05
1.62004609965767E+018,1.62004609955458E+018,0.00820000004023,-0.00817999988794,0.000230000005104,-9E-05
1.62004609975871E+018,1.62004609965736E+018,0.00960000045598,-0.0095600001514,0.000419999996666,-1E-05
1.62004609986075E+018,1.62004609975891E+018,0.00860000029206,-0.00858000013977,0.000280000007479,-0.000150000007125
1.62004609996285E+018,1.62004609986055E+018,0.00960000045598,-0.00956999976188,0.000310000003083,-0.000140000003739
1.62004610006403E+018,1.62004609996249E+018,0.00899999961257,-0.00899999961257,0.000169999999343,-0.000130000000354
1.62004610016592E+018,1.62004610006386E+018,0.00839999970049,-0.00843000039458,0.000169999999343,3E-05
1.62004610026798E+018,1.62004610016604E+018,0.00899999961257,-0.0089800003916,0.000469999999041,-7E-05
1.62004610037019E+018,1.62004610026815E+018,0.00910000037402,-0.00906999967992,0.000330000009853,-0.000140000003739
1.62004610047278E+018,1.62004610037024E+018,0.00850000046194,-0.0085199996829,-4E-05,1E-05
1.62004610057448E+018,1.62004610047248E+018,0.00889999978244,-0.00884999986738,0.000220000001718,-0.000140000003739
1.62004610067659E+018,1.62004610057461E+018,0.00920000020415,-0.00915000028908,0.000410000007832,-0.0001
1.62004610072865E+018,1.62004610067669E+018,0.00920000020415,-0.00918999966234,0.000360000005458,-9E-05
1.62004610083103E+018,1.62004610072862E+018,0.00850000046194,-0.00848999992013,9E-05,-6E-05
1.62004610093279E+018,1.62004610083074E+018,0.00930000003427,-0.00925000011921,0.00054999999702,-0.000110000000859
1.6200461010353E+018,1.62004610093284E+018,0.00879999995232,-0.00882999971509,0.00034999998752,-0.000119999996969
1.62004610113719E+018,1.62004610103503E+018,0.00879999995232,-0.00875999964774,0.000360000005458,-0.000169999999343
1.62004610123943E+018,1.6200461011373E+018,0.00839999970049,-0.00839999970049,0.000429999985499,-5E-05
1.62004610134158E+018,1.62004610123954E+018,0.00700000021607,-0.00694999983534,0.000419999996666,-4E-05
1.62004610144334E+018,1.62004610134174E+018,0.00109999999404,-0.00107999995816,2E-05,7E-05
1.62004610154544E+018,1.62004610144314E+018,0.00130000000354,-6E-05,-0.00132000003941,4E-05
1.62004610164686E+018,1.62004610154513E+018,0.00400000018999,0,-0.00394999980927,0.000130000000354
1.62004610174896E+018,1.62004610164668E+018,0.00079999997979,0.000560000014957,-0.000590000010561,7E-05
1.62004610185123E+018,1.62004610174865E+018,0.00150000001304,0.00147000001743,-0.000339999998687,9E-05
1.62004610195306E+018,1.62004610185136E+018,0.00700000021607,0.00686000008136,-0.00130999996327,0.000180000002729
1.62004610205513E+018,1.62004610195321E+018,0.00769999995828,0.0076700001955,-0.000609999988228,4E-05
1.62004610215787E+018,1.62004610205532E+018,0.00980000011623,0.00980000011623,-0.000369999994291,9E-05
1.62004610225962E+018,1.6200461021576E+018,0.00870000012219,0.0086799999699,0.000590000010561,-2E-05
1.62004610236287E+018,1.62004610225981E+018,0.00920000020415,0.00917000044137,0.000119999996969,5E-05
1.62004610246513E+018,1.62004610236315E+018,0.00899999961257,0.0089699998498,8E-05,6E-05
1.62004610256731E+018,1.62004610246525E+018,0.00889999978244,0.00884999986738,0.000130000000354,0
1.62004610266987E+018,1.62004610256742E+018,0.00920000020415,0.00922999996692,-0.000110000000859,0.000169999999343
1.62004610277095E+018,1.62004610266957E+018,0.00920000020415,0.00915000028908,-0.000230000005104,0.000150000007125
1.6200461028728E+018,1.62004610277101E+018,0.00870000012219,0.0086799999699,-8E-05,1E-05
1.62004610297409E+018,1.62004610287286E+018,0.00889999978244,0.00884999986738,-0.000150000007125,1E-05
1.62004610307552E+018,1.62004610297412E+018,0.00870000012219,0.00872000027448,-0.000130000000354,0.0001
1.62004610317727E+018,1.62004610307558E+018,0.00920000020415,0.00915999989957,-0.000390000001062,9E-05
1.62004610327852E+018,1.62004610317699E+018,0.00850000046194,0.00850000046194,-0.000230000005104,2E-05
1.62004610338052E+018,1.62004610327854E+018,0.00960000045598,0.00961999967694,-0.000360000005458,0.0001
1.62004610348299E+018,1.62004610338066E+018,0.00889999978244,0.00887999963015,-0.000250000011874,0.0001
1.62004610358568E+018,1.6200461034832E+018,0.00829999987036,0.00832999963313,-0.000339999998687,8E-05
1.62004610368848E+018,1.62004610358588E+018,0.00860000029206,0.00863999966532,-0.00034999998752,0.0001
1.62004610379117E+018,1.62004610368856E+018,0.00889999978244,0.00887000001967,-0.000330000009853,0.0001
1.62004610389364E+018,1.62004610379139E+018,0.00590000022203,0.0059299999848,-0.000230000005104,1E-05
1.62004610404616E+018,1.62004610389371E+018,0.00310000008903,0.00304000009783,-0.000479999987874,-6E-05
1.62004610414743E+018,1.62004610404596E+018,0,2E-05,1E-05,1E-05
1.62004610429881E+018,1.62004610414758E+018,0,2E-05,-3E-05,2E-05
1.62004610435033E+018,1.62004610429882E+018,0,0,0,0
1.62004610445239E+018,1.62004610435014E+018,0,1E-05,0,1E-05
1.62004610455495E+018,1.62004610445252E+018,0,0,0,0
1.62004610460704E+018,1.62004610455459E+018,0,0,0,0
1.6200461047089E+018,1.62004610460675E+018,0,-1E-05,0,0
1.62004610481122E+018,1.62004610470902E+018,0,1E-05,-1E-05,1E-05
1.62004610486376E+018,1.6200461048114E+018,0,0,0,0
1.62004610496612E+018,1.62004610486401E+018,0,0,0,0
1.62004610506822E+018,1.62004610496621E+018,0,0,0,0
1.62004610511968E+018,1.62004610506835E+018,0,0,0,0
1.62004610522195E+018,1.62004610511975E+018,0,0,-1E-05,0
1.62004610532448E+018,1.6200461052219E+018,0,0,0,0
1.62004610537658E+018,1.62004610532468E+018,0,0,0,0
1.62004610547903E+018,1.62004610537669E+018,0,1E-05,0,1E-05
1.62004610558104E+018,1.62004610547872E+018,0,0,0,0
1.62004610563313E+018,1.62004610558072E+018,0,0,0,0
1.62004610573486E+018,1.62004610563294E+018,0,0,0,0
1.62004610583743E+018,1.62004610573505E+018,0,0,0,0
1.62004610588954E+018,1.6200461058371E+018,0,0,0,0
1.62004610599215E+018,1.62004610588922E+018,0,-1E-05,0,0
1.62004610609457E+018,1.62004610599191E+018,0,0,0,0
1.62004610614648E+018,1.62004610609478E+018,0,0,0,0
1.620046106249E+018,1.62004610614676E+018,0,0,0,0
1.620046106302E+018,1.62004610624913E+018,0,0,0,0
1.62004610640437E+018,1.62004610630213E+018,0,0,0,0
1.62004610650647E+018,1.62004610640455E+018,0,0,0,0
1.62004610655828E+018,1.62004610650617E+018,0,0,0,0
1.62004610666095E+018,1.62004610655849E+018,0,0,0,0
1.6200461067627E+018,1.62004610666074E+018,0,0,0,0
1.62004610681414E+018,1.6200461067628E+018,0,0,0,0
1.62004610691679E+018,1.62004610681429E+018,0,0,0,0
1.62004610701851E+018,1.62004610691652E+018,0,0,0,0
1.62004610707067E+018,1.62004610701875E+018,0,0,0,0
1.62004610717275E+018,1.62004610707075E+018,0,0,0,0
1.62004610722563E+018,1.62004610717284E+018,0,-1E-05,0,0
1.62004610732934E+018,1.62004610722516E+018,0,1E-05,0,1E-05
1.62004610743017E+018,1.62004610732765E+018,0,0,0,0
1.62004610753313E+018,1.62004610743051E+018,0,0,0,0
1.62004610758516E+018,1.62004610753282E+018,0,0,0,0
1.62004610768737E+018,1.62004610758528E+018,0,0,1E-05,0
1.62004610778946E+018,1.62004610768748E+018,0,0,-1E-05,0
1.62004610789209E+018,1.62004610778959E+018,0,0,0,0
1.62004610794432E+018,1.62004610789235E+018,0,0,0,0
1.62004610804561E+018,1.62004610794429E+018,0,0,0,0
1.62004610814706E+018,1.62004610804573E+018,0,0,-1E-05,0
1.62004610819954E+018,1.62004610814708E+018,0,0,0,0
1.6200461083011E+018,1.62004610819924E+018,0,0,0,0
1.62004610840272E+018,1.62004610830119E+018,0,0,0,0
1.62004610845504E+018,1.62004610840278E+018,0,0,0,0
1.620046108559E+018,1.62004610845478E+018,0,0,0,0
1.62004610866122E+018,1.6200461085587E+018,0,0,0,0
1.62004610871295E+018,1.62004610866091E+018,0,0,1E-05,0
1.62004610881569E+018,1.6200461087131E+018,0,0,0,0
1.62004610891741E+018,1.62004610881537E+018,0,1E-05,0,0
1.62004610896962E+018,1.62004610891759E+018,0,0,0,0
1.62004610907182E+018,1.62004610896978E+018,0,0,0,0
1.62004610917437E+018,1.62004610907198E+018,0,0,0,0
1.62004610922628E+018,1.62004610917397E+018,0,0,0,0
1.62004610932904E+018,1.62004610922661E+018,0,0,0,0
1.62004610943167E+018,1.62004610932875E+018,0,0,0,0
1.62004610948239E+018,1.62004610943099E+018,0,0,0,0
1.62004610958479E+018,1.6200461094825E+018,0,0,0,0
1.62004610968625E+018,1.62004610958452E+018,0,0,0,0
1.62004610978887E+018,1.62004610968639E+018,0,0,-1E-05,0
1.62004610983991E+018,1.62004610978855E+018,0,0,0,0
1.6200461099414E+018,1.62004610983998E+018,0,0,0,0
1.62004611004293E+018,1.62004610994152E+018,0,0,0,0
1.62004611009486E+018,1.62004611004294E+018,0,0,0,0
1.6200461101975E+018,1.62004611009497E+018,0,0,0,0
1.62004611030054E+018,1.6200461101972E+018,0,0,0,0
1.62004611035269E+018,1.62004611030069E+018,0,0,0,0
1.62004611045431E+018,1.62004611035281E+018,0,0,0,0
1.6200461105565E+018,1.62004611045443E+018,0,-1E-05,0,0
1.62004611060886E+018,1.62004611055664E+018,0,0,0,0
1.62004611071089E+018,1.62004611060888E+018,0,0,0,0
1.62004611076232E+018,1.62004611071099E+018,0,0,0,0
1.6200461108647E+018,1.6200461107624E+018,0,0,-1E-05,0
1.62004611096683E+018,1.62004611086477E+018,0,0,0,0
1.62004611101898E+018,1.62004611096712E+018,0,0,1E-05,0
1.62004611112103E+018,1.62004611101909E+018,0,0,0,0
1.6200461112231E+018,1.62004611112072E+018,0,0,0,0
1.6200461113252E+018,1.6200461112228E+018,0,0,0,0
1.62004611137729E+018,1.6200461113249E+018,0,0,0,0
1.62004611147897E+018,1.62004611137698E+018,0,0,0,0
1.62004611153112E+018,1.62004611147907E+018,0,0,0,0
1.62004611163421E+018,1.62004611153121E+018,0,1E-05,1E-05,1E-05
1.6200461117369E+018,1.62004611163436E+018,0,0,0,0
1.62004611183906E+018,1.62004611173697E+018,0,0,0,0
1.62004611194151E+018,1.62004611183917E+018,0,0,0,0
1.6200461119934E+018,1.62004611194124E+018,0,0,0,0
1.62004611209611E+018,1.62004611199359E+018,0,0,0,0
1.6200461121484E+018,1.62004611209639E+018,0,0,0,0
1.620046112251E+018,1.62004611214852E+018,0,0,-1E-05,0
1.62004611235283E+018,1.62004611225064E+018,0,0,0,0
1.62004611240518E+018,1.62004611235283E+018,0,0,1E-05,0
1.6200461125074E+018,1.62004611240489E+018,0,1E-05,0,1E-05
1.62004611260956E+018,1.62004611250709E+018,0,0,0,0
1.62004611266137E+018,1.62004611260923E+018,0,0,1E-05,0
1.6200461127636E+018,1.6200461126611E+018,0,-1E-05,-1E-05,0
1.62004611286794E+018,1.62004611276511E+018,0,0,0,0
1.62004611297051E+018,1.62004611286754E+018,0,0,0,0
1.62004611302261E+018,1.62004611297021E+018,0,0,0,0
1.62004611312374E+018,1.62004611302233E+018,0,0,1E-05,0
1.62004611322648E+018,1.62004611312388E+018,0,0,0,0
1.62004611327869E+018,1.62004611322616E+018,0,0,-1E-05,0
1.62004611338074E+018,1.62004611327834E+018,0,1E-05,0,0
1.62004611348288E+018,1.62004611338047E+018,0,0,0,0
1.62004611358458E+018,1.62004611348254E+018,0,0,0,0
1.62004611363763E+018,1.62004611358463E+018,0,0,0,0
1.62004611373956E+018,1.62004611363737E+018,0,0,0,0
1.62004611384109E+018,1.62004611373966E+018,0,0,0,0
1.62004611389324E+018,1.62004611384126E+018,0,0,0,0
1.62004611399577E+018,1.62004611389334E+018,0,0,0,0
1.62004611409769E+018,1.62004611399558E+018,0,0,0,0
1.62004611414961E+018,1.62004611409767E+018,0,0,0,0
1.62004611425176E+018,1.62004611414967E+018,0,0,1E-05,0
1.62004611435413E+018,1.62004611425186E+018,0,0,0,0
1.62004611440639E+018,1.62004611435385E+018,0,0,0,0
1.62004611450825E+018,1.62004611440608E+018,0,0,0,0
1.62004611461088E+018,1.62004611450841E+018,0,0,0,0
1.6200461146627E+018,1.62004611461054E+018,0,0,0,0
1.62004611476421E+018,1.62004611466283E+018,0,0,0,0
1.62004611486605E+018,1.62004611476426E+018,0,-1E-05,0,0
1.62004611491779E+018,1.62004611486622E+018,0,0,0,0
1.62004611501899E+018,1.62004611491755E+018,0,0,1E-05,0
1.6200461151201E+018,1.62004611501878E+018,0,0,0,0
1.62004611517165E+018,1.62004611512009E+018,0,0,0,0
1.62004611527414E+018,1.62004611517173E+018,0,0,0,0
1.62004611537598E+018,1.62004611527388E+018,0,0,0,0
1.62004611547839E+018,1.62004611537609E+018,0,0,0,0
1.62004611553063E+018,1.6200461154785E+018,0,0,0,0
1.62004611563291E+018,1.62004611553079E+018,0,0,0,0
1.62004611568462E+018,1.62004611563262E+018,0,0,-1E-05,0
1.62004611578668E+018,1.62004611568472E+018,0,1E-05,1E-05,0
1.62004611588828E+018,1.62004611578685E+018,0,-1E-05,0,0
1.6200461159401E+018,1.62004611588807E+018,0,0,0,0
1.62004611604172E+018,1.62004611594009E+018,0,0,0,0
1.62004611614311E+018,1.62004611604173E+018,0,0,0,0
1.62004611624511E+018,1.62004611614324E+018,0,0,0,0
1.62004611629694E+018,1.62004611624518E+018,0,0,0,0
1.62004611639843E+018,1.6200461162971E+018,0,0,0,0
1.62004611650027E+018,1.62004611639849E+018,0,0,0,0
1.62004611655189E+018,1.62004611650047E+018,0,0,0,0
1.6200461166533E+018,1.62004611655181E+018,0,-1E-05,0,0
1.62004611675459E+018,1.62004611665327E+018,0,1E-05,0,0
1.62004611685644E+018,1.6200461167547E+018,0,0,0,0
1.62004611695847E+018,1.62004611685653E+018,0,0,0,0
1.6200461170109E+018,1.6200461169586E+018,0,0,0,0
1.62004611711283E+018,1.62004611701061E+018,0,0,0,0
1.62004611721511E+018,1.620046117113E+018,0,0,0,0
1.62004611726817E+018,1.62004611721527E+018,0,0,-1E-05,0
1.62004611737033E+018,1.62004611726795E+018,0,-1E-05,-1E-05,0
1.62004611742238E+018,1.62004611737045E+018,0,0,0,0
1.62004611752453E+018,1.62004611742253E+018,0,1E-05,1E-05,0
1.62004611762701E+018,1.62004611752468E+018,0,0,0,0
1.62004611767958E+018,1.62004611762708E+018,0,0,0,0
1.62004611778065E+018,1.62004611767929E+018,0,0,-1E-05,0
1.62004611788225E+018,1.62004611778082E+018,0,-1E-05,1E-05,-1E-05
1.62004611798441E+018,1.62004611788238E+018,0,1E-05,0,1E-05
1.62004611803628E+018,1.62004611798445E+018,0,0,0,0
1.6200461181403E+018,1.62004611803636E+018,0,0,0,0
1.62004611819181E+018,1.62004611813983E+018,0,0,0,0
1.62004611829354E+018,1.62004611819195E+018,0,0,0,0
1.62004611839574E+018,1.62004611829334E+018,0,0,0,0
1.62004611849794E+018,1.62004611839587E+018,0,0,0,0
1.62004611855045E+018,1.62004611849808E+018,0,0,0,0
1.62004611865187E+018,1.62004611855017E+018,0,0,0,0
1.62004611875354E+018,1.62004611865165E+018,0,0,0,0
1.620046118806E+018,1.62004611875366E+018,0,0,-1E-05,0
1.62004611890865E+018,1.62004611880573E+018,0,0,0,0
1.62004611901049E+018,1.62004611890844E+018,0,0,0,0
1.62004611911209E+018,1.62004611901051E+018,0,0,0,0
1.62004611916436E+018,1.62004611911215E+018,0,0,0,0
1.62004611926689E+018,1.6200461191645E+018,0,0,0,0
1.62004611931841E+018,1.62004611926659E+018,0,0,0,0
1.62004611941997E+018,1.62004611931855E+018,0,0,0,0
1.62004611952155E+018,1.62004611942011E+018,0,-1E-05,-1E-05,0
1.62004611962283E+018,1.62004611952159E+018,0,0,0,0
1.62004611967513E+018,1.62004611962296E+018,0,0,0,0
1.62004611977875E+018,1.62004611967521E+018,0,0,-1E-05,0
1.6200461198812E+018,1.620046119779E+018,0,0,1E-05,0
1.62004611998309E+018,1.62004611988131E+018,0,0,0,0
1.6200461200849E+018,1.62004611998278E+018,0,0,0,0
1.6200461201374E+018,1.620046120085E+018,0,0,0,0
1.62004612023972E+018,1.6200461201376E+018,0,0,0,0
1.62004612029174E+018,1.62004612023978E+018,0,0,0,0
1.62004612039338E+018,1.6200461202919E+018,0,0,0,0
1.62004612049549E+018,1.62004612039346E+018,0,0,-1E-05,0
1.62004612054802E+018,1.62004612049563E+018,0,0,0,0
1.62004612064975E+018,1.62004612054774E+018,0,0,1E-05,0
1.62004612075209E+018,1.62004612064985E+018,0,0,0,0
1.62004612080334E+018,1.62004612075183E+018,0,-1E-05,0,0
1.62004612090583E+018,1.6200461208034E+018,0,-1E-05,0,0
1.62004612100868E+018,1.62004612090607E+018,0,1E-05,0,0
1.62004612106072E+018,1.62004612100893E+018,0,0,0,0
1.62004612116255E+018,1.62004612106058E+018,0,0,0,0
1.62004612121559E+018,1.6200461211627E+018,0,0,0,0
1.62004612131771E+018,1.62004612121559E+018,0,1E-05,0,0
1.62004612142028E+018,1.62004612131783E+018,0,0,0,0
1.6200461214727E+018,1.62004612142001E+018,0,0,0,0
1.62004612157475E+018,1.62004612147245E+018,0,1E-05,0,0
1.62004612167694E+018,1.62004612157489E+018,0,0,0,0
1.62004612172883E+018,1.62004612167713E+018,0,0,0,0
1.62004612183106E+018,1.62004612172863E+018,0,0,0,0
1.62004612193277E+018,1.62004612183079E+018,0,0,0,0
1.62004612198492E+018,1.62004612193288E+018,0,0,0,0
1.62004612208655E+018,1.62004612198504E+018,0,0,0,0
1.62004612218849E+018,1.62004612208658E+018,0,1E-05,0,0
1.62004612229092E+018,1.62004612218861E+018,0,0,-1E-05,0
1.62004612234273E+018,1.62004612229061E+018,0,0,0,0
1.62004612244476E+018,1.62004612234284E+018,0,0,0,0
1.62004612254641E+018,1.62004612244492E+018,0,0,0,0
1.62004612259874E+018,1.62004612254647E+018,0,0,0,0
1.62004612270089E+018,1.62004612259846E+018,0,0,0,0
1.62004612280213E+018,1.62004612270058E+018,0,0,-1E-05,0
1.62004612285351E+018,1.62004612280187E+018,0,1E-05,0,0
1.62004612295568E+018,1.62004612285332E+018,0,1E-05,0,0
1.62004612305765E+018,1.62004612295541E+018,0,0,0,0
1.62004612311035E+018,1.6200461230577E+018,0,0,0,0
1.62004612321264E+018,1.62004612311062E+018,0,0,0,0
1.62004612326529E+018,1.62004612321283E+018,0,0,0,0
1.62004612336723E+018,1.62004612326504E+018,0,0,0,0
1.62004612346998E+018,1.62004612336727E+018,0,0,0,0
1.62004612352176E+018,1.62004612346967E+018,0,0,0,0
1.62004612362443E+018,1.6200461235219E+018,0,0,0,0
1.62004612372619E+018,1.62004612362413E+018,0,0,0,0
1.6200461238284E+018,1.62004612372631E+018,0,0,0,0
1.62004612388103E+018,1.62004612382851E+018,0,0,0,0
1.62004612398241E+018,1.62004612388076E+018,0,0,0,0
1.62004612403454E+018,1.62004612398256E+018,0,0,0,0
1.62004612413716E+018,1.62004612403471E+018,0,0,0,0
1.62004612423891E+018,1.62004612413671E+018,0,0,0,0
1.62004612429109E+018,1.62004612423922E+018,0,0,1E-05,0
1.62004612439325E+018,1.62004612429125E+018,0,0,0,0
1.62004612449558E+018,1.62004612439339E+018,0,0,-1E-05,0
1.62004612459748E+018,1.62004612449555E+018,0,0,1E-05,0
1.62004612464983E+018,1.62004612459773E+018,0,0,0,0
1.62004612475197E+018,1.62004612464998E+018,0,0,0,0
1.62004612480411E+018,1.62004612475209E+018,0,0,0,0
1.62004612490683E+018,1.62004612480425E+018,0,-1E-05,0,0
1.62004612500831E+018,1.62004612490646E+018,0,1E-05,1E-05,0
1.62004612511012E+018,1.62004612500805E+018,0,0,-1E-05,0
1.62004612521173E+018,1.62004612510979E+018,0,0,0,0
1.62004612531375E+018,1.62004612521142E+018,0,0,0,0
1.62004612536574E+018,1.62004612531375E+018,0,0,0,0
1.62004612546813E+018,1.62004612536583E+018,0,0,0,0
1.62004612557048E+018,1.62004612546784E+018,0,0,0,0
1.62004612567247E+018,1.6200461255701E+018,0,0,0,0
1.62004612577398E+018,1.62004612567215E+018,0,0,-1E-05,0
1.62004612587631E+018,1.62004612577377E+018,0,0,0,0
1.62004612592777E+018,1.62004612587649E+018,0,0,0,0
1.62004612602991E+018,1.62004612592787E+018,0,0,0,0
1.62004612613126E+018,1.62004612602966E+018,0,0,0,0
1.62004612618318E+018,1.62004612613106E+018,0,0,0,0
1.62004612628528E+018,1.62004612618321E+018,0,0,0,0
1.62004612638734E+018,1.62004612628535E+018,0,0,0,0
1.62004612643955E+018,1.62004612638747E+018,0,0,0,0
1.62004612654172E+018,1.62004612643968E+018,0,0,0,0
1.62004612664428E+018,1.62004612654182E+018,0,0,0,0
1.62004612674683E+018,1.62004612664404E+018,0,0,0,0
1.62004612679858E+018,1.62004612674653E+018,0,0,0,0
1.62004612690064E+018,1.62004612679879E+018,0,0,0,0
1.62004612695331E+018,1.62004612690084E+018,0,0,0,0
1.6200461270552E+018,1.6200461269535E+018,0,-1E-05,0,0
1.62004612715645E+018,1.62004612705498E+018,0,0,0,0
1.62004612725863E+018,1.62004612715663E+018,0,0,0,0
1.62004612731117E+018,1.62004612725881E+018,0,0,0,0
1.62004612741399E+018,1.62004612731128E+018,0,0,0,0
1.62004612746598E+018,1.62004612741376E+018,0,0,0,0
1.62004612756735E+018,1.62004612746579E+018,0,0,0,0
1.62004612766842E+018,1.6200461275671E+018,0,0,0,0
1.62004612772058E+018,1.62004612766855E+018,0,0,0,0
1.62004612782278E+018,1.62004612772076E+018,0,0,-1E-05,0
1.62004612792465E+018,1.620046127823E+018,0,0,1E-05,0
1.62004612797665E+018,1.62004612792444E+018,0,0,0,0
1.62004612808055E+018,1.6200461279764E+018,0,0,1E-05,0
1.62004612818303E+018,1.62004612808029E+018,0,0,-1E-05,0
1.62004612823479E+018,1.62004612818274E+018,0,0,0,0
1.6200461283372E+018,1.6200461282349E+018,0,0,0,0
1.62004612838956E+018,1.62004612833693E+018,0,0,0,0
1.62004612849101E+018,1.62004612838967E+018,0,0,0,0
1.62004612859261E+018,1.62004612849106E+018,0,1E-05,0,0
1.6200461286451E+018,1.62004612859243E+018,0,0,0,0
1.62004612874765E+018,1.62004612864494E+018,0,0,0,0
1.62004612884948E+018,1.62004612874728E+018,0,0,0,0
1.62004612890203E+018,1.62004612884956E+018,0,0,0,0
1.62004612900331E+018,1.62004612890174E+018,0,-1E-05,0,0
1.62004612910523E+018,1.62004612900337E+018,0,1E-05,-1E-05,0
1.62004612915778E+018,1.62004612910538E+018,0,0,0,0
1.62004612925947E+018,1.62004612915752E+018,0,0,0,0
1.62004612936111E+018,1.62004612925954E+018,0,0,0,0
1.62004612941339E+018,1.62004612936126E+018,0,0,0,0
1.62004612951587E+018,1.62004612941311E+018,0,0,0,0
1.62004612961838E+018,1.62004612951612E+018,0,0,0,0
1.62004612967058E+018,1.62004612961849E+018,0,0,0,0
1.62004612977288E+018,1.62004612967074E+018,0,0,0,0
1.62004612987537E+018,1.62004612977306E+018,0,0,1E-05,0
1.62004612992645E+018,1.6200461298751E+018,0,-1E-05,0,0
1.62004613002791E+018,1.62004612992656E+018,0,0,0,0
1.62004613012966E+018,1.62004613002797E+018,0,0,0,0
1.62004613018296E+018,1.62004613012985E+018,0,0,0,0
1.6200461302851E+018,1.62004613018308E+018,0,0,0,0
1.62004613033769E+018,1.62004613028532E+018,0,0,0,0
1.62004613043986E+018,1.62004613033742E+018,0,0,0,0
1.62004613054163E+018,1.62004613043957E+018,0,0,-1E-05,0
1.62004613064362E+018,1.62004613054164E+018,0,0,1E-05,0
1.62004613069516E+018,1.62004613064381E+018,0,0,0,0
1.62004613079657E+018,1.6200461306952E+018,0,0,0,0
1.62004613089869E+018,1.62004613079676E+018,0,0,0,0
1.62004613100021E+018,1.62004613089879E+018,0,1E-05,0,0
1.62004613110243E+018,1.62004613100028E+018,0,0,0,0
1.62004613115477E+018,1.62004613110248E+018,0,0,0,0
1.62004613125696E+018,1.62004613115489E+018,0,0,0,0
1.62004613130902E+018,1.6200461312571E+018,0,0,0,0
1.62004613141064E+018,1.62004613130914E+018,0,-1E-05,1E-05,-1E-05
1.62004613151278E+018,1.62004613141085E+018,0,0,0,0
1.62004613156478E+018,1.62004613151289E+018,0,0,0,0
1.6200461316661E+018,1.62004613156484E+018,0,0,0,0
1.62004613176873E+018,1.62004613166628E+018,0,0,0,0
1.62004613182091E+018,1.62004613176843E+018,0,0,0,0
1.62004613192267E+018,1.62004613182061E+018,0,0,0,0
1.62004613202482E+018,1.6200461319228E+018,0,0,1E-05,0
1.62004613207688E+018,1.62004613202497E+018,0,0,-1E-05,0
1.62004613217904E+018,1.62004613207699E+018,0,0,0,0
1.62004613228177E+018,1.62004613217916E+018,0,0,1E-05,0
1.62004613233338E+018,1.62004613228145E+018,0,0,0,0
1.62004613243492E+018,1.62004613233358E+018,0,1E-05,0,0
1.62004613253683E+018,1.62004613243497E+018,0,0,0,0
1.62004613258825E+018,1.62004613253677E+018,0,-1E-05,0,0
1.62004613269059E+018,1.62004613258827E+018,0,0,0,0
1.6200461327932E+018,1.62004613269084E+018,0,0,1E-05,0
1.62004613284579E+018,1.62004613279326E+018,0,0,0,0
1.62004613294935E+018,1.62004613284537E+018,0,0,-1E-05,0
1.62004613300138E+018,1.62004613294911E+018,0,0,0,0
1.62004613310308E+018,1.62004613300111E+018,0,0,0,0
1.62004613320527E+018,1.62004613310322E+018,0,0,0,0
1.62004613325731E+018,1.62004613320537E+018,0,0,0,0
1.62004613336101E+018,1.62004613325701E+018,0,0,0,0
1.62004613346273E+018,1.62004613336064E+018,0,0,0,0
1.62004613351513E+018,1.62004613346286E+018,0,0,0,0
1.62004613361732E+018,1.62004613351513E+018,0,0,0,0
1.62004613372116E+018,1.62004613361709E+018,0,0,1E-05,0
1.62004613377167E+018,1.62004613372006E+018,0,0,0,0
1.62004613387424E+018,1.62004613377157E+018,0,0,0,0
1.6200461339262E+018,1.62004613387393E+018,0,0,0,0
1.62004613402796E+018,1.62004613392631E+018,0,0,0,0
1.62004613413015E+018,1.62004613402776E+018,0,0,0,0
1.620046134182E+018,1.62004613412987E+018,0,0,0,0
1.62004613428588E+018,1.62004613418194E+018,0,-1E-05,-1E-05,0
1.62004613438845E+018,1.62004613428615E+018,0,0,0,0
1.62004613444046E+018,1.62004613438848E+018,0,0,0,0
1.62004613454256E+018,1.62004613444057E+018,0,1E-05,0,0
1.6200461345946E+018,1.62004613454271E+018,0,0,0,0
1.62004613469712E+018,1.62004613459475E+018,0,0,0,0
1.62004613479898E+018,1.62004613469687E+018,0,0,0,0
1.6200461349014E+018,1.62004613479908E+018,0,0,0,0
1.62004613495363E+018,1.62004613490116E+018,0,0,0,0
1.62004613505688E+018,1.62004613495329E+018,0,0,0,0
1.62004613515745E+018,1.62004613505545E+018,0,-1E-05,0,0
1.62004613520916E+018,1.62004613515754E+018,0,0,0,0
1.6200461353108E+018,1.62004613520927E+018,0,0,0,0
1.62004613541318E+018,1.62004613531096E+018,0,0,0,0
1.6200461355159E+018,1.62004613541333E+018,0,0,0,0
1.62004613556781E+018,1.62004613551562E+018,0,0,1E-05,0
1.62004613567004E+018,1.62004613556786E+018,0,0,0,0
1.62004613572471E+018,1.62004613567039E+018,0,-1E-05,0,0
1.62004613582607E+018,1.6200461357248E+018,0,0,0,0
1.62004613592797E+018,1.62004613582619E+018,0,0,0,0
1.62004613597982E+018,1.62004613592773E+018,0,0,0,0
1.62004613608147E+018,1.62004613597999E+018,0,0,-1E-05,0
1.6200461361832E+018,1.62004613608156E+018,0,-1E-05,0,0
1.62004613628475E+018,1.6200461361833E+018,0,0,0,0
1.6200461363363E+018,1.62004613628481E+018,0,0,0,0
1.62004613643779E+018,1.6200461363364E+018,0,0,0,0
1.6200461365397E+018,1.62004613643794E+018,0,0,0,0
1.6200461365921E+018,1.62004613653981E+018,0,1E-05,0,0
1.62004613669386E+018,1.62004613659186E+018,0,0,-1E-05,0
1.62004613679637E+018,1.62004613669404E+018,0,0,0,0
1.62004613685111E+018,1.62004613679643E+018,0,1E-05,0,0
1.62004613695145E+018,1.62004613684987E+018,0,0,0,0
1.62004613705376E+018,1.62004613695155E+018,0,0,0,0
1.62004613715554E+018,1.62004613705365E+018,0,0,0,0
1.62004613720765E+018,1.62004613715568E+018,0,0,0,0
1.62004613730972E+018,1.62004613720776E+018,0,0,0,0
1.62004613741173E+018,1.62004613730945E+018,0,0,0,0
1.62004613746282E+018,1.6200461374115E+018,0,0,0,0
1.62004613756537E+018,1.62004613746291E+018,0,0,0,0
1.62004613761768E+018,1.6200461375651E+018,0,0,0,0
1.62004613772192E+018,1.62004613761792E+018,0,0,1E-05,0
1.6200461378247E+018,1.62004613772225E+018,0,0,-1E-05,0
1.62004613792677E+018,1.62004613782495E+018,0,0,0,0
1.62004613797896E+018,1.62004613792688E+018,0,0,0,0
1.62004613808141E+018,1.62004613797912E+018,0,0,0,0
1.62004613818278E+018,1.62004613808145E+018,0,0,0,0
1.62004613823529E+018,1.62004613818288E+018,0,0,0,0
1.62004613833705E+018,1.62004613823507E+018,0,0,0,0
1.62004613843848E+018,1.62004613833715E+018,0,0,0,0
1.62004613853999E+018,1.62004613843848E+018,0,0,0,0
1.62004613859248E+018,1.62004613853982E+018,0,0,0,0
1.6200461386955E+018,1.62004613859226E+018,0,0,-1E-05,0
1.62004613874755E+018,1.62004613869518E+018,0,0,0,0
1.62004613884921E+018,1.62004613874729E+018,0,1E-05,0,1E-05
1.62004613895186E+018,1.62004613884895E+018,0,0,0,0
1.62004613900322E+018,1.62004613895147E+018,0,0,0,0
1.62004613910504E+018,1.62004613900296E+018,0,0,0,0
1.62004613920741E+018,1.62004613910524E+018,0,0,0,0
1.62004613926034E+018,1.62004613920751E+018,0,0,0,0
1.62004613936363E+018,1.62004613926001E+018,0,0,-1E-05,0
1.62004613946529E+018,1.62004613936387E+018,0,0,0,0
1.62004613951684E+018,1.62004613946533E+018,0,0,0,0
1.62004613961953E+018,1.62004613951698E+018,0,0,0,0
1.62004613967124E+018,1.62004613961922E+018,0,0,0,0
1.6200461397736E+018,1.62004613967129E+018,0,0,0,0
1.62004613987568E+018,1.62004613977332E+018,0,0,0,0
1.62004613992864E+018,1.6200461398754E+018,0,0,0,0
1.62004614002954E+018,1.6200461399274E+018,0,1E-05,0,0
1.62004614013306E+018,1.62004614002991E+018,0,0,0,0
1.62004614018443E+018,1.62004614013269E+018,0,0,0,0
1.62004614028655E+018,1.62004614018422E+018,0,0,0,0
1.62004614038826E+018,1.62004614028625E+018,0,-1E-05,0,0
1.6200461404407E+018,1.6200461403884E+018,0,0,0,0
1.62004614054175E+018,1.62004614044049E+018,0,0,0,0
1.62004614059393E+018,1.62004614054185E+018,0,0,0,0
1.62004614069584E+018,1.62004614059361E+018,0,0,0,0
1.62004614079837E+018,1.62004614069601E+018,0,0,0,0
1.62004614085047E+018,1.62004614079849E+018,0,0,0,0
1.62004614095659E+018,1.62004614085063E+018,0,0,0,0
1.62004614106099E+018,1.62004614095682E+018,0,0,1E-05,0
1.62004614111369E+018,1.62004614106112E+018,0,0,-1E-05,0
1.62004614121522E+018,1.62004614111339E+018,0,0,0,0
1.62004614131765E+018,1.62004614121526E+018,0,0,0,0
1.62004614137039E+018,1.62004614131775E+018,0,0,0,0
1.62004614147182E+018,1.62004614137046E+018,0,0,0,0
1.62004614157332E+018,1.62004614147191E+018,0,0,0,0
1.62004614162624E+018,1.62004614157342E+018,0,0,0,0
1.62004614172814E+018,1.62004614162584E+018,0,1E-05,0,0
1.62004614183034E+018,1.62004614172825E+018,0,-1E-05,0,0
1.62004614188262E+018,1.62004614183049E+018,0,0,0,0
1.62004614198507E+018,1.62004614188274E+018,0,0,0,0
1.62004614203716E+018,1.62004614198509E+018,0,0,0,0
1.62004614213976E+018,1.62004614203726E+018,0,0,0,0
1.62004614224156E+018,1.62004614213947E+018,0,0,-1E-05,0
1.62004614229306E+018,1.62004614224128E+018,0,1E-05,0,0
1.62004614239514E+018,1.62004614229313E+018,0,0,0,0
1.6200461424973E+018,1.62004614239535E+018,0,0,0,0
1.6200461425987E+018,1.62004614249705E+018,0,0,0,0
1.6200461426507E+018,1.6200461425985E+018,0,0,0,0
1.62004614275266E+018,1.62004614265045E+018,0,0,0,0
1.62004614280476E+018,1.62004614275277E+018,0,0,0,0
1.62004614290761E+018,1.62004614280497E+018,0,-1E-05,0,0
1.62004614300919E+018,1.62004614290724E+018,0,0,0,0
1.62004614306149E+018,1.62004614300932E+018,0,0,0,0
1.62004614316339E+018,1.62004614306123E+018,0,0,0,0
1.62004614326611E+018,1.62004614316349E+018,0,0,0,0
1.62004614331911E+018,1.62004614326632E+018,0,0,0,0
1.62004614342106E+018,1.62004614331878E+018,0,0,0,0
1.62004614352323E+018,1.62004614342118E+018,0,0,0,0
1.62004614357515E+018,1.62004614352334E+018,0,0,0,0
1.6200461436774E+018,1.62004614357531E+018,0,0,-1E-05,0
1.62004614373023E+018,1.62004614367712E+018,0,0,0,0
1.62004614383224E+018,1.6200461437304E+018,0,0,0,0
1.6200461439335E+018,1.62004614383201E+018,0,0,0,0
1.62004614398571E+018,1.62004614393368E+018,0,0,0,0
1.62004614408809E+018,1.62004614398585E+018,0,1E-05,0,0
1.62004614419019E+018,1.62004614408769E+018,0,0,0,0
1.62004614429393E+018,1.62004614419007E+018,0,0,0,0
1.62004614434582E+018,1.62004614429362E+018,0,0,0,0
1.62004614444722E+018,1.62004614434556E+018,0,0,0,0
1.62004614449872E+018,1.62004614444696E+018,0,0,0,0
1.62004614459991E+018,1.62004614449838E+018,0,0,0,0
1.62004614470262E+018,1.62004614459997E+018,0,0,-1E-05,0
1.62004614475506E+018,1.62004614470287E+018,0,0,0,0
1.62004614485739E+018,1.62004614475511E+018,0,0,0,0
1.62004614495918E+018,1.62004614485714E+018,0,0,0,0
1.62004614501156E+018,1.62004614495933E+018,0,0,0,0
1.62004614511284E+018,1.62004614501132E+018,0,0,0,0
1.62004614516853E+018,1.62004614511279E+018,0,0,-1E-05,0
1.62004614527196E+018,1.62004614516827E+018,0,0,0,0
1.62004614537385E+018,1.6200461452715E+018,0,-1E-05,0,0
1.62004614542561E+018,1.62004614537413E+018,0,0,0,0
1.62004614552811E+018,1.62004614542567E+018,0,0,1E-05,0
1.62004614563074E+018,1.62004614552801E+018,0,0,0,0
1.62004614568203E+018,1.62004614563045E+018,0,0,0,0
1.62004614578364E+018,1.62004614568187E+018,0,0,0,0
1.62004614588534E+018,1.62004614578335E+018,0,0,0,0
1.62004614593765E+018,1.62004614588543E+018,0,0,0,0
1.62004614603914E+018,1.62004614593777E+018,0,0,0,0
1.620046146091E+018,1.62004614603923E+018,0,0,0,0
1.62004614619284E+018,1.6200461460911E+018,0,0,0,0
1.62004614629538E+018,1.62004614619253E+018,0,0,0,0
1.62004614634722E+018,1.62004614629507E+018,0,0,0,0
1.62004614644927E+018,1.62004614634734E+018,0,-1E-05,0,-1E-05
1.62004614655173E+018,1.62004614644938E+018,0,0,0,0
1.62004614665349E+018,1.62004614655147E+018,0,0,0,0
1.62004614670484E+018,1.62004614665321E+018,0,0,0,0
1.62004614680607E+018,1.62004614670463E+018,0,0,0,0
1.62004614690776E+018,1.62004614680627E+018,0,0,0,0
1.62004614700991E+018,1.62004614690783E+018,0,0,0,0
1.62004614706212E+018,1.62004614701007E+018,0,0,0,0
1.62004614716443E+018,1.62004614706227E+018,0,0,0,0
1.62004614726732E+018,1.62004614716454E+018,0,0,0,0
1.62004614736941E+018,1.62004614726696E+018,0,0,0,0
1.620046147422E+018,1.62004614736913E+018,0,0,0,0
1.62004614752472E+018,1.62004614742168E+018,0,0,0,0
1.62004614757726E+018,1.62004614752491E+018,0,0,0,0
1.62004614767915E+018,1.62004614757734E+018,0,-1E-05,0,0
1.62004614778104E+018,1.62004614767888E+018,0,0,0,0
1.62004614783397E+018,1.62004614778119E+018,0,0,0,0
1.62004614793737E+018,1.62004614783425E+018,0,1E-05,0,0
1.62004614803913E+018,1.62004614793762E+018,0,0,0,0
1.62004614809091E+018,1.62004614803913E+018,0,0,0,0
1.6200461481927E+018,1.62004614809106E+018,0,0,0,0
1.62004614829456E+018,1.62004614819246E+018,0,0,0,0
1.62004614834745E+018,1.62004614829468E+018,0,0,0,0
1.62004614844972E+018,1.62004614834713E+018,0,0,0,0
1.62004614855194E+018,1.62004614844948E+018,0,0,0,0
1.62004614860473E+018,1.62004614855166E+018,0,0,0,0
1.62004614870669E+018,1.62004614860436E+018,0,0,0,0
1.62004614880915E+018,1.62004614870679E+018,0,0,0,0
1.62004614886128E+018,1.62004614880912E+018,0,0,2E-05,0
1.62004614896402E+018,1.62004614886136E+018,0.0001,2E-05,6E-05,1E-05
1.62004614906676E+018,1.62004614896389E+018,0,2E-05,2E-05,0
1.62004614917048E+018,1.62004614906648E+018,0.000699999975041,0.000690000015311,-0.000130000000354,5E-05
1.62004614927142E+018,1.6200461491687E+018,0.00510000018403,0.00509000010788,-0.000390000001062,0.000220000001718
1.6200461493744E+018,1.62004614927165E+018,0.00839999970049,0.00836999993771,0.000639999983832,-3E-05
1.62004614947636E+018,1.62004614937461E+018,0.00899999961257,0.00899999961257,-0.000360000005458,0.000110000000859
1.62004614957836E+018,1.62004614947611E+018,0.00920000020415,0.00917000044137,-0.000300000014249,1E-05
1.62004614968019E+018,1.62004614957811E+018,0.00899999961257,0.00896000023931,-0.000260000000708,0.000119999996969
1.6200461497817E+018,1.62004614968032E+018,0.00910000037402,0.00906000006944,-0.000390000001062,1E-05
1.62004614988382E+018,1.62004614978178E+018,0.00870000012219,0.00872999988496,-0.000339999998687,3E-05
1.62004614998631E+018,1.62004614988395E+018,0.00899999961257,0.00901999976486,-0.000250000011874,0.000119999996969
1.62004615003819E+018,1.62004614998596E+018,0.00879999995232,0.00875999964774,-0.000169999999343,5E-05
1.62004615014007E+018,1.62004615003793E+018,0.00829999987036,0.00829999987036,-5E-05,-0.000140000003739
1.62004615024174E+018,1.62004615014017E+018,0.00889999978244,0.00889000017196,-0.000180000002729,-3E-05
1.62004615034341E+018,1.62004615024183E+018,0.00920000020415,0.00918999966234,-0.000679999997374,0.000110000000859
1.62004615044531E+018,1.62004615034321E+018,0.0077999997884,0.0077399997972,-0.000399999989895,5E-05
1.62004615054781E+018,1.6200461504454E+018,0.00620000017807,0.00619000010192,-0.000630000024103,-5E-05
1.62004615065008E+018,1.6200461505475E+018,0.00079999997979,0.000739999988582,-0.000119999996969,-1E-05
1.62004615075134E+018,1.62004615064982E+018,0.00079999997979,0.000560000014957,-0.000539999979082,4E-05
1.62004615085353E+018,1.62004615075117E+018,0.00170000002254,0.000429999985499,-0.00162999995518,-6E-05
1.62004615095527E+018,1.62004615085318E+018,0.00209999992512,-0.0020600000862,-0.000429999985499,-0.000269999989541
1.6200461510575E+018,1.62004615095533E+018,0.00910000037402,-0.00911999959499,4E-05,-0.000620000006165
1.62004615115891E+018,1.62004615105759E+018,0.0148000000045,-0.0147799998522,-0.000630000024103,0.000180000002729
1.62004615126102E+018,1.62004615115894E+018,0.0143999997526,-0.0143999997526,-0.000440000003437,0.000190000006114
1.62004615136277E+018,1.62004615126075E+018,0.0148999998346,-0.0148600004613,0.000130000000354,-5E-05
1.6200461514651E+018,1.62004615136291E+018,0.0148999998346,-0.0148499999195,0.000239999993937,-0.000209999998333
1.62004615156644E+018,1.62004615146479E+018,0.0153000000864,-0.0153200002387,0.000760000024457,-0.000209999998333
1.62004615166958E+018,1.62004615156651E+018,0.0165999997407,-0.0166200008243,0.000539999979082,-0.000289999996312
1.6200461517718E+018,1.62004615166899E+018,0.0175000000745,-0.0175000000745,0.000310000003083,-0.000140000003739
1.62004615187435E+018,1.62004615177173E+018,0.0236000008881,-0.0235900003463,0.000479999987874,-0.000380000012228
1.62004615197587E+018,1.62004615187401E+018,0.023199999705,-0.0231500007212,0.000820000015665,0
1.62004615207811E+018,1.62004615197596E+018,0.0218000002205,-0.0217700004578,0.000339999998687,-0.000330000009853
1.62004615217979E+018,1.62004615207779E+018,0.0212999992073,-0.0212999992073,0.00089000002481,0
1.62004615228245E+018,1.62004615217998E+018,0.022199999541,-0.0222100000829,0.000959999975748,-0.000180000002729
1.62004615238458E+018,1.62004615228212E+018,0.0229000002146,-0.0228899996728,0.0010300000431,-0.000250000011874
1.62004615248677E+018,1.62004615238427E+018,0.0225000008941,-0.0225099995732,0.000539999979082,-0.000509999983478
1.62004615258849E+018,1.62004615248645E+018,0.0138999996707,-0.0138699999079,0.00109999999404,0.000260000000708
1.62004615269079E+018,1.62004615258861E+018,0.001200000057,-0.00124000001233,-6E-05,0.000140000003739
1.62004615279346E+018,1.6200461526909E+018,0.00310000008903,-6E-05,-0.00307999993674,8E-05
1.6200461529455E+018,1.62004615279317E+018,0.00219999998808,0.000630000024103,-0.00209000008181,0.0001
1.6200461530472E+018,1.62004615294521E+018,0.0097000002861,0.00960000045598,-0.00141999998596,0.000419999996666
1.62004615315034E+018,1.62004615304736E+018,0.0209999997169,0.0209199991077,-0.00109999999404,0.000319999991916
1.62004615325182E+018,1.62004615314946E+018,0.022199999541,0.0221599992365,0.000569999974687,0.000130000000354
1.62004615335408E+018,1.62004615325202E+018,0.022199999541,0.0221599992365,0.000280000007479,0.000190000006114
1.62004615345564E+018,1.6200461533542E+018,0.0225000008941,0.0225300006568,-0.00054999999702,8E-05
1.62004615355751E+018,1.62004615345569E+018,0.0230000000447,0.0229899995029,-0.000410000007832,0.000230000005104
1.62004615365967E+018,1.6200461535576E+018,0.0214000009,0.021420000121,-0.000119999996969,-2E-05
1.62004615376218E+018,1.6200461536598E+018,0.0225000008941,0.0225099995732,-0.000669999979436,1E-05
1.62004615381338E+018,1.62004615376189E+018,0.023199999705,0.023199999705,-0.000939999998081,0.000289999996312
1.62004615396559E+018,1.6200461538135E+018,0.022199999541,0.022199999541,-0.00109999999404,0.000300000014249
1.62004615401719E+018,1.62004615396534E+018,0.0216000005603,0.0215799994767,-0.000630000024103,0.000239999993937
1.62004615416926E+018,1.620046154017E+018,0.0245999991894,0.0245900005102,-0.00118000002112,0.000150000007125
1.62004615427183E+018,1.62004615416939E+018,0.0193000007421,0.0192900002003,-0.00054999999702,0.0001
1.62004615437436E+018,1.62004615427205E+018,0.0127999996766,0.0127299996093,-0.00124999997206,-0.000360000005458
1.62004615447645E+018,1.62004615437458E+018,0.00159999995958,0.00153000000864,-0.000479999987874,-5E-05
1.62004615457803E+018,1.62004615447654E+018,0.00150000001304,0.000479999987874,-0.00141000002623,1E-05
1.62004615468018E+018,1.6200461545778E+018,0.00179999996908,-0.00101999996696,-0.00147000001743,-0.000220000001718
1.62004615478068E+018,1.62004615467905E+018,0.0100999996066,-0.0101100001484,-0.000369999994291,-0.00065000000177
1.62004615488241E+018,1.62004615478081E+018,0.0247000008821,-0.0247099995613,-0.000289999996312,-0.000469999999041
1.62004615498457E+018,1.62004615488221E+018,0.028599999845,-0.0285800006241,0.000319999991916,0.000260000000708
1.62004615508626E+018,1.6200461549843E+018,0.0286999996752,-0.0286899991333,0.00054999999702,-0.000269999989541
1.62004615518833E+018,1.62004615508636E+018,0.0305000003427,-0.0304799992591,0.000850000011269,-0.000209999998333
1.62004615528992E+018,1.62004615518843E+018,0.0313000008464,-0.0312899984419,0.000739999988582,-0.000250000011874
1.62004615539151E+018,1.62004615528995E+018,0.0288999993354,-0.0288999993354,0.00112999998964,-0.000220000001718
1.62004615549285E+018,1.62004615539132E+018,0.0294000003487,-0.0293700005859,0.00106999999844,-0.000230000005104
1.6200461555948E+018,1.62004615549294E+018,0.0291000008583,-0.0291399993002,0.000600000028498,-0.000260000000708
1.6200461556472E+018,1.62004615559495E+018,0.0284000001848,-0.0284199994057,0.00106000003871,-0.000250000011874
1.62004615574969E+018,1.62004615564731E+018,0.0292000006884,-0.0291300006211,0.00200000009499,-0.000230000005104
1.62004615585087E+018,1.62004615574944E+018,0.00710000004619,-0.00705000013113,0.000869999988936,0.000209999998333
1.62004615595202E+018,1.62004615585086E+018,0.00139999995008,2E-05,-0.00135999999475,6E-05
1.62004615605404E+018,1.62004615595218E+018,0.00359999993816,0.000260000000708,-0.00361000001431,9E-05
1.62004615615912E+018,1.62004615605419E+018,0.00179999996908,0.00170000002254,-0.00044999999227,8E-05
1.6200461562575E+018,1.62004615615587E+018,0.0131000000983,0.0129199996591,-0.00209000008181,0.000520000001416
1.62004615636052E+018,1.62004615625732E+018,0.0286999996752,0.0286899991333,-0.00168999994639,0.000429999985499
1.62004615646196E+018,1.62004615636012E+018,0.028599999845,0.0286200009286,0.000630000024103,0.000209999998333
1.62004615656407E+018,1.62004615646216E+018,0.0313000008464,0.0313500016928,0.000239999993937,0.000239999993937
1.62004615666678E+018,1.6200461565642E+018,0.0300999991596,0.0300699993968,-0.000469999999041,0.000230000005104
1.62004615676968E+018,1.620046156667E+018,0.0281000006944,0.0281300004572,-0.000620000006165,-0.000180000002729
1.62004615687152E+018,1.62004615676917E+018,0.0292000006884,0.0292300004512,-0.000590000010561,0.000190000006114
1.6200461569738E+018,1.6200461568714E+018,0.0309999994934,0.031020000577,-0.000959999975748,0.000410000007832
1.62004615707575E+018,1.62004615697358E+018,0.0294000003487,0.0293799992651,-0.00115000002552,0.00044999999227
1.62004615717796E+018,1.62004615707578E+018,0.0271000005305,0.0270799994469,-0.00162999995518,3E-05
1.62004615723062E+018,1.6200461571781E+018,0.0114000001922,0.0113500002772,-0.000939999998081,-0.000440000003437
1.62004615733246E+018,1.6200461572303E+018,0.00270000007004,0.00264000007883,-0.000590000010561,-0.000169999999343
1.62004615743489E+018,1.62004615733258E+018,0.0010000000475,0.000440000003437,-0.000859999970999,5E-05
1.62004615753633E+018,1.62004615743501E+018,0.00219999998808,0.000280000007479,-0.00221999990754,-7E-05
1.62004615764106E+018,1.62004615753643E+018,0.00230000005104,-0.00222999998368,-0.000490000005811,-0.000220000001718
1.62004615774302E+018,1.62004615764077E+018,0.0206000003964,-0.0206199996173,-0.000339999998687,-0.000699999975041
1.62004615784557E+018,1.62004615774323E+018,0.0291000008583,-0.0290799997747,0.000699999975041,-0.000369999994291
1.62004615794791E+018,1.62004615784565E+018,0.0313000008464,-0.0313199982047,0.000260000000708,8E-05
1.62004615805021E+018,1.6200461579481E+018,0.0282000005245,-0.0282199997455,9E-05,-0.000230000005104
1.62004615815158E+018,1.62004615805031E+018,0.0313000008464,-0.0312700010836,0.00162999995518,-0.000190000006114
1.62004615825308E+018,1.62004615815167E+018,0.0286999996752,-0.0287200007588,0.000829999975394,-0.000169999999343
1.62004615835646E+018,1.62004615825317E+018,0.0296999998391,-0.0296700000763,0.000709999992978,-0.000190000006114
1.62004615845929E+018,1.62004615835683E+018,0.0295000001788,-0.029470000416,0.00089000002481,-0.000260000000708
1.62004615856151E+018,1.62004615845939E+018,0.0293000005186,-0.0292700007558,0.00121999997646,-0.000300000014249
1.62004615866358E+018,1.62004615856153E+018,0.0230999998748,-0.0230400003493,0.00164999999106,-0.000119999996969
1.62004615871571E+018,1.62004615866369E+018,0.00760000012815,-0.00751999998465,0.000750000006519,0.000150000007125
1.62004615881777E+018,1.62004615871588E+018,0.00089999998454,-0.000369999994291,-0.000790000020061,9E-05
1.62004615891997E+018,1.62004615881797E+018,0.00370000000112,-5E-05,-0.00374000007287,5E-05
1.62004615902239E+018,1.62004615892008E+018,0.00179999996908,0.00101999996696,-0.00147000001743,9E-05
1.62004615912419E+018,1.6200461590221E+018,0.00710000004619,0.00694999983534,-0.00127999996766,0.00044999999227
1.62004615922711E+018,1.62004615912433E+018,0.0236000008881,0.0235300008208,-0.00199000001885,0.000390000001062
1.62004615932876E+018,1.62004615922725E+018,0.0295000001788,0.0294799990952,-0.000260000000708,0.000250000011874
1.62004615943084E+018,1.62004615932859E+018,0.0315999984741,0.0315800011158,0.000310000003083,0.000190000006114
1.62004615953344E+018,1.62004615943093E+018,0.0289999991655,0.0290200002491,0.000269999989541,9E-05
1.6200461596358E+018,1.62004615953313E+018,0.0266999993473,0.0266699995846,0.000169999999343,6E-05
1.62004615973834E+018,1.62004615963592E+018,0.0326000005007,0.0325799994171,-0.00193000002764,0.000140000003739
1.62004615984085E+018,1.62004615973805E+018,0.030700000003,0.030700000003,-0.000920000020415,0.00034999998752
1.62004615994353E+018,1.62004615984108E+018,0.0291000008583,0.0290799997747,-0.000590000010561,0.000220000001718
1.62004615999632E+018,1.62004615994376E+018,0.0289999991655,0.0289600007236,-0.00130000000354,0.000220000001718
1.62004616014793E+018,1.62004615999605E+018,0.0259000007063,0.0258499998599,-0.00167000002693,-4E-05
1.62004616019998E+018,1.62004616014807E+018,0.00529999984428,0.00522999977693,-0.000790000020061,-0.000230000005104
1.6200461603024E+018,1.62004616020006E+018,0.000600000028498,0.000280000007479,-0.000509999983478,2E-05
1.62004616040663E+018,1.62004616030214E+018,0.00249999994412,0.000620000006165,-0.00245000002906,3E-05
1.62004616050917E+018,1.62004616040681E+018,0.00179999996908,-0.00176000001375,-0.000520000001416,-0.000199999994948
1.62004616061196E+018,1.62004616050932E+018,0.0126999998465,-0.012690000236,-8E-05,-0.000679999997374
1.62004616071345E+018,1.62004616061167E+018,0.0283000003546,-0.0282700005919,-0.000490000005811,-0.0001
1.62004616081594E+018,1.6200461607134E+018,0.0284000001848,-0.0283799991012,6E-05,-0.000280000007479
1.62004616091738E+018,1.62004616081598E+018,0.0318999998271,-0.0318300016224,0.0012300000526,-0.000199999994948
1.62004616101943E+018,1.62004616091748E+018,0.0260000005364,-0.0259899999946,0.000850000011269,-0.000140000003739
1.62004616112053E+018,1.62004616101923E+018,0.0346000008285,-0.0346000008285,0.00106999999844,-0.000380000012228
1.62004616122205E+018,1.62004616112061E+018,0.0276999995112,-0.027729999274,0.000500000023749,0.000130000000354
1.62004616132341E+018,1.6200461612221E+018,0.0296000000089,-0.0296100005507,0.00121000001673,-0.000260000000708
1.62004616142491E+018,1.62004616132348E+018,0.0298999994993,-0.0299100000411,0.00121000001673,-0.000429999985499
1.62004616152646E+018,1.62004616142502E+018,0.0271000005305,-0.0271000005305,0.000829999975394,-0.000319999991916
1.62004616162877E+018,1.62004616152664E+018,0.0137000000104,-0.0136200003326,0.000959999975748,0.000310000003083
1.62004616173118E+018,1.62004616162892E+018,0.00150000001304,-0.001200000057,-0.000839999993332,8E-05
1.62004616183292E+018,1.62004616173091E+018,0.00249999994412,9E-05,-0.00251000002027,3E-05
1.62004616193486E+018,1.62004616183305E+018,0.00200000009499,0.000969999993686,-0.00176000001375,9E-05
1.62004616203668E+018,1.62004616193502E+018,0.00989999994636,0.009829999879,-0.00124999997206,0.00034999998752
1.62004616213863E+018,1.62004616203649E+018,0.0243999995291,0.0243400000036,-0.00147999997716,0.000609999988228
1.62004616224094E+018,1.62004616213875E+018,0.0300999991596,0.0301099997014,-0.000169999999343,0.000460000010207
1.62004616234269E+018,1.62004616224104E+018,0.0302000008523,0.0301699992269,-0.000130000000354,2E-05
1.62004616244483E+018,1.62004616234272E+018,0.0276999995112,0.0276500005275,-0.000360000005458,-0.000119999996969
1.62004616254718E+018,1.62004616244518E+018,0.0287999995053,0.0287900008261,-0.000190000006114,5E-05
1.62004616259898E+018,1.62004616254734E+018,0.0308999996632,0.0309399999678,-0.00054999999702,6E-05
1.62004616270144E+018,1.62004616259913E+018,0.0324000008404,0.0323400013149,-0.00109000003431,8E-05
1.620046162803E+018,1.62004616270116E+018,0.0294000003487,0.0293799992651,-0.00124999997206,0.000319999991916
1.62004616295443E+018,1.62004616280308E+018,0.0263999998569,0.0263700000942,-0.000730000028852,0.000399999989895
1.62004616305704E+018,1.62004616295449E+018,0.022199999541,0.0221299994737,-0.00127000000793,9E-05
1.62004616315908E+018,1.62004616305674E+018,0.0038999998942,0.00383000005968,-0.000669999979436,-0.000300000014249
1.62004616326112E+018,1.62004616315908E+018,0.00150000001304,0.000390000001062,-0.00149000005331,4E-05
1.62004616336289E+018,1.62004616326125E+018,0.00179999996908,0.000180000002729,-0.00182999996468,-3E-05
1.62004616346458E+018,1.62004616336284E+018,0.00760000012815,-0.00760000012815,-0.000579999992624,-0.000569999974687
1.62004616356569E+018,1.62004616346432E+018,0.0209999997169,-0.0209899991751,-0.000410000007832,-0.000739999988582
1.62004616366718E+018,1.62004616356579E+018,0.027499999851,-0.0275299996138,0.000419999996666,8E-05
1.62004616376979E+018,1.62004616366719E+018,0.0307999998331,-0.0308299995959,0.000869999988936,-0.000130000000354
1.62004616387171E+018,1.62004616376948E+018,0.0296000000089,-0.029580000788,0.00044999999227,-7E-05
1.62004616397313E+018,1.62004616387175E+018,0.0306000001729,-0.0306199993938,0.000630000024103,7E-05
1.620046164075E+018,1.62004616397321E+018,0.0299999993294,-0.0300099998713,0.00121999997646,-0.000630000024103
1.62004616417688E+018,1.62004616407477E+018,0.0282000005245,-0.0281899999827,0.00124999997206,0.0001
1.62004616427843E+018,1.62004616417656E+018,0.0311999991536,-0.0312200002372,0.000620000006165,-0.000330000009853
1.62004616438205E+018,1.62004616427858E+018,0.0284000001848,-0.0284000001848,0.000500000023749,-0.000289999996312
1.62004616448605E+018,1.62004616438234E+018,0.0233999993652,-0.0233100000769,0.00182999996468,-9E-05
1.62004616458806E+018,1.62004616448581E+018,0.0038999998942,-0.00383999990299,0.000330000009853,0.000169999999343
1.62004616468988E+018,1.62004616458848E+018,0.00209999992512,-8E-05,-0.0020600000862,-2E-05
1.62004616479231E+018,1.62004616469002E+018,0.00240000011399,0.000390000001062,-0.00236999988556,2E-05
1.62004616489484E+018,1.62004616479237E+018,0.00359999993816,0.0035800000187,-0.000639999983832,0.000119999996969
1.62004616499667E+018,1.62004616489457E+018,0.018200000748,0.0179999992251,-0.00228999997489,0.000579999992624
1.62004616509826E+018,1.62004616499679E+018,0.027499999851,0.0274400003254,-0.0010000000475,0.000300000014249
1.62004616519999E+018,1.62004616509832E+018,0.0295000001788,0.0295000001788,0.00104000000283,0.000190000006114
1.62004616535214E+018,1.62004616520016E+018,0.0304000005126,0.0303899999708,-6E-05,8E-05
1.6200461654046E+018,1.62004616535221E+018,0.0292000006884,0.0291900001466,-0.000790000020061,-5E-05
1.62004616550576E+018,1.6200461654043E+018,0.0303000006825,0.0303300004452,-0.000730000028852,0.000360000005458
1.62004616560741E+018,1.62004616550576E+018,0.0305000003427,0.0305400006473,-0.000829999975394,0.000140000003739
1.62004616570973E+018,1.62004616560747E+018,0.0306000001729,0.0306400004774,-0.000410000007832,0.000239999993937
1.6200461658117E+018,1.62004616570954E+018,0.0277999993414,0.027729999274,-0.00144999998156,0.000440000003437
1.62004616591378E+018,1.62004616581139E+018,0.0273000001907,0.0272499993443,-0.00175000005402,0.000159999995958
1.62004616601572E+018,1.62004616591347E+018,0.00760000012815,0.00748000014573,-0.000989999971353,-0.000310000003083
1.62004616611839E+018,1.62004616601582E+018,0.000699999975041,0.000269999989541,-0.000600000028498,4E-05
1.62004616622045E+018,1.62004616611806E+018,0.00219999998808,0.000569999974687,-0.00215000007302,1E-05
1.62004616632238E+018,1.62004616622018E+018,0.00240000011399,-0.00227000005543,-0.000600000028498,-0.000319999991916
1.62004616637394E+018,1.62004616632244E+018,0.0153999999166,-0.0153500000015,-5E-05,-0.000630000024103
1.62004616647546E+018,1.62004616637401E+018,0.0275999996811,-0.0276100002229,-0.000140000003739,-0.000310000003083
1.62004616657803E+018,1.62004616647558E+018,0.0273000001907,-0.0272799991071,-0.00034999998752,-0.000230000005104
1.62004616668217E+018,1.62004616657773E+018,0.0315000005066,-0.0314400009811,0.000929999980144,-0.000110000000859
1.62004616683185E+018,1.62004616668011E+018,0.0276999995112,-0.0277200005949,0.000790000020061,-0.0001
1.62004616693436E+018,1.62004616683198E+018,0.0288999993354,-0.0288699995726,0.000880000006873,-0.000159999995958
1.6200461669858E+018,1.62004616693408E+018,0.0310999993235,-0.0310999993235,0.000850000011269,4E-05
1.62004616708849E+018,1.62004616698595E+018,0.0303000006825,-0.0303099993616,0.00054999999702,-0.000260000000708
1.62004616719058E+018,1.62004616708827E+018,0.0311999991536,-0.0311500001699,0.00106000003871,-0.000410000007832
1.62004616729244E+018,1.62004616719089E+018,0.0287999995053,-0.0287599992007,0.00124000001233,-0.000509999983478
1.62004616739404E+018,1.62004616729253E+018,0.0206000003964,-0.0205099992454,0.00141000002623,0.000220000001718
1.6200461674963E+018,1.62004616739418E+018,0.00370000000112,-0.00367000000551,0.000199999994948,0.000159999995958
1.62004616759835E+018,1.62004616749637E+018,0.00240000011399,-0.000140000003739,-0.00240000011399,-3E-05
1.62004616770069E+018,1.62004616759855E+018,0.00270000007004,0.000280000007479,-0.00264000007883,0
1.62004616780285E+018,1.62004616770073E+018,0.00439999997616,0.00438999990001,-0.000709999992978,0.000159999995958
1.62004616790429E+018,1.62004616780292E+018,0.0181000009179,0.0179699994624,-0.00182000000495,0.000520000001416
1.62004616800683E+018,1.6200461679043E+018,0.0296999998391,0.0296400003135,-0.00118999998085,0.00044999999227
1.62004616810873E+018,1.62004616800651E+018,0.0299999993294,0.0300200004131,0.000300000014249,0.000199999994948
1.62004616821125E+018,1.62004616810883E+018,0.028599999845,0.0285800006241,0.000369999994291,-0.0001
1.62004616831311E+018,1.62004616821097E+018,0.0297999996692,0.0297800004482,-0.000289999996312,4E-05
1.62004616836525E+018,1.62004616831324E+018,0.0304000005126,0.0303399991244,-0.00109999999404,8E-05
1.62004616846783E+018,1.62004616836538E+018,0.0304000005126,0.0303700007498,-0.00139999995008,0.0001
1.62004616856978E+018,1.62004616846755E+018,0.0291000008583,0.0291099995375,-0.000579999992624,0.000150000007125
1.62004616867226E+018,1.62004616856988E+018,0.0311999991536,0.0311900004745,-0.000720000010915,0.000490000005811
1.62004616877401E+018,1.62004616867201E+018,0.0271000005305,0.0271099992096,-0.00110999995377,0.000260000000708
1.62004616887616E+018,1.62004616877411E+018,0.0153000000864,0.0152599997818,-0.00124999997206,-0.000130000000354
1.62004616897858E+018,1.62004616887629E+018,0.000699999975041,0.000660000019707,-7E-05,-0.000269999989541
1.62004616908014E+018,1.62004616897881E+018,0.00980000011623,-0.00939000025392,0.00263000000268,-0.000790000020061
1.62004616918518E+018,1.62004616908035E+018,0.0252999998629,-0.0243800003082,0.00689999992028,0.00054999999702
1.62004616928371E+018,1.62004616918217E+018,0.00760000012815,-0.00730999978259,0.0020300000906,0.000479999987874
1.6200461694362E+018,1.62004616928381E+018,0.0001,4E-05,-2E-05,6E-05
1.62004616953801E+018,1.62004616943596E+018,0.0001,2E-05,-4E-05,3E-05
1.62004616964037E+018,1.62004616953816E+018,0,2E-05,0,1E-05
1.62004616974277E+018,1.62004616964029E+018,0,0,0,0
1.62004616979452E+018,1.62004616974244E+018,0,0,0,0
1.62004616989666E+018,1.62004616979463E+018,0,0,1E-05,0
1.62004616999928E+018,1.62004616989681E+018,0,0,0,0
1.62004617010132E+018,1.62004616999889E+018,0,0,-1E-05,0
1.62004617015354E+018,1.62004617010105E+018,0,0,0,0
1.62004617025604E+018,1.62004617015376E+018,0,0,0,0
1.62004617030823E+018,1.62004617025624E+018,0,0,0,0
1.62004617041093E+018,1.62004617030841E+018,0,0,0,0
1.62004617051276E+018,1.62004617041058E+018,0,0,0,0
1.62004617056609E+018,1.62004617051292E+018,0,0,0,0
1.6200461706673E+018,1.6200461705659E+018,0,0,0,0
1.62004617076878E+018,1.62004617066738E+018,0,0,0,0
1.62004617082136E+018,1.62004617076895E+018,0,-1E-05,0,0
1.6200461709238E+018,1.62004617082149E+018,0,0,0,0
1.62004617102652E+018,1.62004617092491E+018,0,0,0,0
1.620046171129E+018,1.62004617102658E+018,0,0,0,0
1.62004617118037E+018,1.62004617112871E+018,0,0,0,0
1.6200461712827E+018,1.62004617118049E+018,0,0,0,0
1.62004617138729E+018,1.62004617128243E+018,0,0,0,0
1.62004617143888E+018,1.62004617138685E+018,0,0,0,0
1.62004617154129E+018,1.62004617143896E+018,0,0,1E-05,0
